Name	Playlist Genre	Year	Popularity
Blinding Lights	Pop	2019	98.0
Memories	Pop	2019	98.0
Tusa	Pop	2019	98.0
Don't Start Now	Pop	2019	97.0
everything i wanted	Pop	2019	97.0
RITMO (Bad Boys For Life)	Pop	2019	96.0
bad guy	Pop	2019	95.0
HIGHEST IN THE ROOM	Pop	2019	94.0
My Oh My (feat. DaBaby)	Pop	2019	94.0
Ride It	Pop	2019	94.0
Falling	Pop	2018	97.0
Happier	Pop	2018	89.0
Without Me	Pop	2018	88.0
Better Now	Pop	2018	87.0
SICKO MODE	Pop	2018	87.0
Sweet but Psycho	Pop	2018	87.0
Get You The Moon (feat. Snøw)	Pop	2018	86.0
God's Plan	Pop	2018	86.0
High Hopes	Pop	2018	86.0
Candy	Pop	2018	85.0
XO Tour Llif3	Pop	2017	84.0
I Like Me Better	Pop	2017	83.0
Young Dumb & Broke	Pop	2017	83.0
Chanel	Pop	2017	82.0
Wolves	Pop	2017	82.0
Best Friend	Pop	2017	81.0
Dusk Till Dawn - Radio Edit	Pop	2017	81.0
Let Me Go (with Alesso, Florida Georgia Line & watt)	Pop	2017	81.0
Mask Off	Pop	2017	81.0
Scared to Be Lonely	Pop	2017	81.0
goosebumps	Pop	2016	86.0
Closer (feat. Halsey)	Pop	2016	85.0
Congratulations	Pop	2016	84.0
Say You Won't Let Go	Pop	2016	82.0
That's What I Like	Pop	2016	82.0
Devil Eyes	Pop	2016	81.0
Don't Let Me Down	Pop	2016	81.0
Heathens	Pop	2016	81.0
Cake By The Ocean	Pop	2016	80.0
In the Name of Love	Pop	2016	80.0
Dancin (feat. Luvli) - Krono Remix	Pop	2014	84.0
Photograph	Pop	2014	84.0
No Role Modelz	Pop	2014	82.0
Take Me To Church	Pop	2014	80.0
Summer	Pop	2014	79.0
A Sky Full of Stars	Pop	2014	78.0
Blank Space	Pop	2014	78.0
Riptide	Pop	2014	78.0
Rude	Pop	2014	78.0
Say Something	Pop	2014	78.0
Can't Hold Us - feat. Ray Dalton	Pop	2012	83.0
Just Give Me a Reason (feat. Nate Ruess)	Pop	2012	80.0
Titanium (feat. Sia)	Pop	2012	79.0
Hall of Fame	Pop	2012	78.0
Locked Out of Heaven	Pop	2012	78.0
Payphone	Pop	2012	78.0
What Makes You Beautiful	Pop	2012	78.0
Classic	Pop	2012	77.0
They Don't Know About Us	Pop	2012	77.0
I Knew You Were Trouble.	Pop	2012	76.0
Stressed Out	Pop	2015	83.0
Uptown Funk	Pop	2015	82.0
Ride	Pop	2015	81.0
Sorry	Pop	2015	81.0
See You Again (feat. Charlie Puth)	Pop	2015	80.0
Sugar	Pop	2015	80.0
Centuries	Pop	2015	79.0
Like I'm Gonna Lose You (feat. John Legend)	Pop	2015	78.0
What Do You Mean?	Pop	2015	78.0
How Deep Is Your Love	Pop	2015	77.0
All of Me	Pop	2013	85.0
Wake Me Up	Pop	2013	84.0
Sweater Weather	Pop	2013	81.0
Story of My Life	Pop	2013	80.0
Royals	Pop	2013	78.0
Hey Brother	Pop	2013	77.0
Mirrors	Pop	2013	77.0
Roar	Pop	2013	77.0
We Can't Stop	Pop	2013	77.0
Get Lucky (feat. Pharrell Williams & Nile Rodgers) - Radio Edit	Pop	2013	76.0
Mistletoe	Pop	2011	84.0
Pumped Up Kicks	Pop	2011	83.0
A Thousand Years	Pop	2011	79.0
Give Me Everything	Pop	2011	79.0
Someone Like You	Pop	2011	79.0
Tongue Tied	Pop	2011	78.0
Paradise	Pop	2011	77.0
Somebody That I Used To Know	Pop	2011	77.0
Rolling in the Deep	Pop	2011	76.0
Love You Like A Love Song	Pop	2011	75.0
Hey, Soul Sister	Pop	2010	82.0
Just the Way You Are	Pop	2010	80.0
DJ Got Us Fallin' In Love (feat. Pitbull)	Pop	2010	78.0
Baby	Pop	2010	76.0
Raise Your Glass	Pop	2010	76.0
Danza Kuduro	Pop	2010	75.0
On Melancholy Hill	Pop	2010	75.0
Dynamite	Pop	2010	74.0
Moves Like Jagger - Studio Recording From The Voice Performance	Pop	2010	73.0
The Lazy Song	Pop	2010	73.0
Low (feat. T-Pain)	Pop	2008	79.0
Viva La Vida	Pop	2008	78.0
You're Gonna Go Far, Kid	Pop	2008	77.0
I'm Yours	Pop	2008	76.5
Use Somebody	Pop	2008	75.0
Just Dance	Pop	2008	73.0
TRUE - Single Edit	Pop	2008	72.0
Halo	Pop	2008	71.5
Burnin' Up	Pop	2008	71.0
Love Will Tear Us Apart	Pop	2008	71.0
Yummy	Pop	2020	95.0
You should be sad	Pop	2020	86.0
Lose You To Love Me	Pop	2020	85.0
Rare	Pop	2020	84.25
Morado	Pop	2020	82.0
Godzilla (feat. Juice WRLD)	Pop	2020	79.0
Wrong Direction	Pop	2020	79.0
In Your Eyes (feat. Alida)	Pop	2020	74.0
What A Man Gotta Do	Pop	2020	73.0
Answer	Pop	2020	72.0
Beautiful Girls	Pop	2007	77.0
Bleeding Love	Pop	2007	77.0
Electric Feel	Pop	2007	77.0
Kids	Pop	2007	76.0
Thnks fr th Mmrs	Pop	2007	76.0
Girlfriend	Pop	2007	72.0
Irreplaceable	Pop	2007	72.0
Bubbly	Pop	2007	71.0
Misery Business	Pop	2007	71.0
Paper Planes	Pop	2007	71.0
Believe	Pop	1998	76.0
Always on My Mind	Pop	1998	70.0
One Week	Pop	1998	69.0
Blue (Da Ba Dee) - Gabry Ponte Ice Pop Radio	Pop	1998	64.0
Boom, Boom, Boom, Boom!!	Pop	1998	62.0
Amor De Papel	Pop	1998	60.0
Don't Let the Sun Go Down on Me	Pop	1998	60.0
The Wild Boys	Pop	1998	54.0
We like to Party! (Six Flags)	Pop	1998	51.0
Enola Gay	Pop	1998	17.0
Wannabe	Pop	1996	79.0
Down Under	Pop	1996	73.0
La Calle De Las Sirenas	Pop	1996	68.0
Children	Pop	1996	67.0
Azúcar Amargo	Pop	1996	61.0
Bailando - Video Edit	Pop	1996	59.0
Jump	Pop	1996	56.0
Pepe	Pop	1996	52.0
This Is Your Night	Pop	1996	52.0
Tu Luz	Pop	1996	50.0
All Star	Pop	1999	79.0
...Baby One More Time	Pop	1999	75.0
Total Eclipse of the Heart	Pop	1999	74.0
Genie In a Bottle	Pop	1999	71.0
Manto Estelar	Pop	1999	65.0
No Dices Mas	Pop	1999	62.0
The Launch - Radio Edit	Pop	1999	53.0
Back in My Life	Pop	1999	45.0
Quisiera Adivinar	Pop	1999	34.0
No Hay Palabras	Pop	1999	23.0
Fireflies	Pop	2009	78.0
Party In The U.S.A.	Pop	2009	78.0
Down	Pop	2009	76.0
Secrets	Pop	2009	76.0
21 Guns	Pop	2009	75.0
You Found Me	Pop	2009	74.0
Intro	Pop	2009	72.0
Replay	Pop	2009	72.0
The Climb	Pop	2009	72.0
Like a Prayer	Pop	2009	71.0
What Is Love	Pop	1993	70.0
(I Just) Died In Your Arms	Pop	1993	68.0
The Sign	Pop	1993	68.0
More And More - Single Version	Pop	1993	60.0
Mr. Vain	Pop	1993	54.0
Got to Get It	Pop	1993	48.0
Rock My Heart - Radio Mix	Pop	1993	44.0
Gangsta's Paradise	Pop	1995	80.0
Ironic - 2015 Remaster	Pop	1995	70.0
Hardcore Vibes	Pop	1995	57.0
Scatman's World	Pop	1995	54.0
The Bomb (These Sounds Fall Into My Mind)	Pop	1995	50.0
Think of You - Radio Edit	Pop	1995	50.0
Dub-I-Dub	Pop	1995	49.0
Run Away	Pop	1995	49.0
Come and Get Your Love - Radio Edit	Pop	1995	41.0
Self Control	Pop	1995	40.0
Losing My Religion	Pop	1991	81.0
Big in Japan - Best of-Version	Pop	1991	57.0
The Sparrows And The Nightingales	Pop	1991	46.0
Rhythm Is A Dancer - 12'' Version	Pop	1991	12.0
Love Me To The End	Pop	1991	0.0
Love to Hate You	Pop	1991	0.0
Metalhammer	Pop	1991	0.0
Yellow	Pop	2000	81.0
Oops!...I Did It Again	Pop	2000	76.0
Up & Down	Pop	2000	61.0
We’re Going to Ibiza!	Pop	2000	60.0
Too Young	Pop	2000	57.0
Will I Ever	Pop	2000	49.0
Marian - Version	Pop	2000	9.0
Around the World (La La La La La) - Radio Version	Pop	2000	5.0
Another Night	Pop	2000	2.0
Basket Case	Pop	1994	79.0
Dreams (Will Come Alive)	Pop	1994	61.0
Get A Way	Pop	1994	60.0
Think About The Way	Pop	1994	59.0
Baby Baby	Pop	1994	55.0
Never Alone	Pop	1994	55.0
Here I Go Again	Pop	1994	53.0
Run To Me	Pop	1994	53.0
Happy People (feat. Marky Mark)	Pop	1994	50.0
No More (I Can't Stand It)	Pop	1994	48.0
"Rhythm Is A Dancer - 7"" Edit"	Pop	1992	67.0
Rhythm Is A Dancer	Pop	1992	57.0
I Melt With You	Pop	1992	46.0
If I Ever Fall In Love	Pop	1992	32.0
Celebration	Pop	1992	27.0
Sing Hallelujah!	Pop	1992	21.0
Around the World	Pop	1997	70.0
Gettin' Jiggy Wit It	Pop	1997	70.0
Beds Are Burning - Remastered	Pop	1997	63.0
I Want You Back - Radio Edit	Pop	1997	54.0
No Puedo Estar Sin Ti	Pop	1997	49.0
Take Me Home, Country Roads - Rerecorded	Pop	1997	44.0
My Oh My	Pop	1997	43.0
It's My Life	Pop	1997	41.0
A Donde	Pop	1997	30.0
Such a Shame	Pop	1997	30.0
I Want It That Way	Pop	2001	76.0
Island In The Sun	Pop	2001	75.0
Don't Stop Believin'	Pop	2001	74.0
One More Time	Pop	2001	74.0
Whenever, Wherever	Pop	2001	71.0
Harder, Better, Faster, Stronger	Pop	2001	70.0
Piano Man	Pop	2001	70.0
Uptown Girl	Pop	2001	68.0
Get the Party Started	Pop	2001	66.0
You Make My Dreams - Remastered	Pop	2001	66.0
Big Girls Don't Cry (Personal)	Pop	2006	74.0
Waiting On the World to Change	Pop	2006	74.0
Who Knew	Pop	2006	69.0
Wicked Game	Pop	2006	69.0
Grace Kelly	Pop	2006	67.0
Our Song	Pop	2006	61.0
Rosa Pastel	Pop	2006	61.0
Enjoy the Silence	Pop	2006	58.0
"The Best of Both Worlds - From ""Hannah Montana""/Soundtrack Version"	Pop	2006	58.0
Por Ti	Pop	2006	57.0
The Scientist	Pop	2002	83.0
She Will Be Loved - Radio Mix	Pop	2002	80.0
Complicated	Pop	2002	77.0
A Thousand Miles	Pop	2002	76.0
This Love	Pop	2002	76.0
Clocks	Pop	2002	75.0
Cry Me a River	Pop	2002	74.0
In My Place	Pop	2002	70.0
Mad World (Feat. Michael Andrews)	Pop	2002	70.0
Jenny from the Block (feat. Jadakiss & Styles P.) - Track Masters Remix	Pop	2002	65.0
Toxic	Pop	2003	78.0
I'm Gonna Be (500 Miles)	Pop	2003	74.0
Stacy's Mom	Pop	2003	73.0
Crazy In Love (feat. Jay-Z)	Pop	2003	69.0
All Out of Love	Pop	2003	64.0
Go West - 2003 Remaster	Pop	2003	63.0
12:51	Pop	2003	61.0
Tell It to My Heart	Pop	2003	56.0
Tus Ojos	Pop	2003	56.0
Come Clean	Pop	2003	55.0
Fix You	Pop	2005	81.0
Hey There Delilah	Pop	2005	80.0
Hips Don't Lie (feat. Wyclef Jean)	Pop	2005	80.0
Bad Day	Pop	2005	76.0
Ridin'	Pop	2005	69.0
Ni Tú Ni Nadie	Pop	2005	68.0
Don't Cha	Pop	2005	66.0
Just the Girl	Pop	2005	59.0
God Is a DJ	Pop	2005	57.0
Hard to Say I'm Sorry / Get Away - 2005 Remaster	Pop	2005	49.0
Thunderstruck	Pop	1990	81.0
Cherry Pie	Pop	1990	62.5
I Promised Myself	Pop	1990	61.0
The Power	Pop	1990	59.0
Such a Shame	Pop	1990	57.0
Vogue - Edit	Pop	1990	51.0
Always The Sun - Sunny Side Up Mix	Pop	1990	50.0
World In My Eyes - 2006 Remastered Version	Pop	1990	49.0
Manic Monday	Pop	1990	48.0
"""This Is Seagull…."""	Pop	1990	34.0
Yeah! (feat. Lil Jon & Ludacris)	Pop	2004	79.0
American Idiot	Pop	2004	78.0
Unwritten	Pop	2004	76.0
Take Me Out	Pop	2004	73.0
Beautiful Soul	Pop	2004	72.0
Because of You	Pop	2004	71.0
Somebody Told Me	Pop	2004	69.0
Since U Been Gone	Pop	2004	68.0
Walk Like an Egyptian	Pop	2004	63.0
Breakaway	Pop	2004	61.0
Fast Car	Pop	1988	77.0
Listen to Your Heart	Pop	1988	75.0
The Look	Pop	1988	72.0
A Little Respect - 2009 Remastered Version	Pop	1988	69.0
The Promise	Pop	1988	63.0
Headhunter V1.0	Pop	1988	42.0
Voice of Chunk	Pop	1988	35.0
Perfect Machine	Pop	1988	12.0
Running	Pop	1988	0.0
I Want to Know What Love Is - 1999 Remaster	Pop	1984	77.0
Can't Fight This Feeling	Pop	1984	73.0
We're Not Gonna Take It	Pop	1984	73.0
We Belong	Pop	1984	66.0
Big in Japan	Pop	1984	65.0
"Rasputin - 7"" Version"	Pop	1984	59.0
Material Girl	Pop	1984	54.0
Tinseltown in the Rain	Pop	1984	54.0
Sounds Like a Melody	Pop	1984	53.0
Song To The Siren (Remastered)	Pop	1984	51.0
Beat It - Single Version	Pop	1982	77.0
Hungry Like the Wolf - 2009 Remaster	Pop	1982	71.0
Rio - 2009 Remaster	Pop	1982	61.0
Shadows Of The Night	Pop	1982	55.0
Let Me Go	Pop	1982	44.0
Leave in Silence - 2006 Remaster	Pop	1982	30.0
Heat Of The Moment	Pop	1982	8.0
Hooked on a Feeling	Pop	1973	75.0
Boys Don't Cry	Pop	1979	73.0
Escape (The Pina Colada Song)	Pop	1979	71.0
Don't Bring Me Down	Pop	1979	70.0
Are 'Friends' Electric?	Pop	1979	51.0
Godzilla	Pop	1977	62.0
Don't You Want Me	Pop	1981	74.0
Just Can't Get Enough	Pop	1981	71.0
Juke Box Hero	Pop	1981	67.0
Working for the Weekend	Pop	1981	66.0
Souvenir - Remastered 2003	Pop	1981	54.0
Love Song	Pop	1981	42.0
Photographic	Pop	1981	40.0
Georgia - 2003 Digital Remaster	Pop	1981	32.0
Bedsitter	Pop	1981	18.0
Light in Darkness	Pop	1981	16.0
Sweet Home Alabama	Pop	1974	27.0
Immigrant Song - Remaster	Pop	1970	77.0
More Than a Feeling	Pop	1976	78.0
Carry on Wayward Son	Pop	1976	74.0
Sweet Child O' Mine	Pop	1987	82.0
With Or Without You - Remastered	Pop	1987	79.0
Welcome To The Jungle	Pop	1987	78.0
Faith - Remastered	Pop	1987	75.0
Pour Some Sugar On Me - Remastered 2017	Pop	1987	74.0
Never Gonna Give You Up	Pop	1987	66.0
The One I Love - Remastered	Pop	1987	63.0
It's a Sin - 2001 Remaster	Pop	1987	38.0
Poem Without Words 2 - Journey By Night	Pop	1987	37.0
My Bag	Pop	1987	32.0
Don't Stop Me Now - 2011 Mix	Pop	1978	75.0
Hold the Line	Pop	1978	75.0
You Really Got Me - 2015 Remaster	Pop	1978	64.0
Moving in Stereo	Pop	1978	56.0
One Way Or Another	Pop	1978	55.0
Metropolis - 2009 Remastered Version	Pop	1978	36.0
This Island Earth	Pop	1978	15.0
Fortunate Son	Pop	1969	80.0
Kiss	Pop	1986	73.0
(I Just) Died In Your Arms	Pop	1986	71.0
Bizarre Love Triangle	Pop	1986	67.0
West End Girls - 2001 Remaster	Pop	1986	58.0
Livin' On A Prayer	Pop	1986	24.0
You Give Love A Bad Name	Pop	1986	16.0
The Lady In Red	Pop	1986	14.0
Venus	Pop	1986	6.0
Sunday Morning	Pop	1986	1.0
Away	Pop	1986	0.0
Back In Black	Pop	1980	83.0
You Shook Me All Night Long	Pop	1980	78.0
Any Way You Want It	Pop	1980	71.0
Video Killed The Radio Star	Pop	1980	70.0
Rebel, Rebel	Pop	1980	18.0
Johnny And Mary	Pop	1980	6.0
Sweet Dreams (Are Made of This) - Remastered	Pop	1983	81.0
Girls Just Want to Have Fun	Pop	1983	76.0
Separate Ways (Worlds Apart)	Pop	1983	67.0
Karma Chameleon	Pop	1983	64.0
Here Comes the Rain Again - Remastered Version	Pop	1983	62.0
Send Me An Angel	Pop	1983	55.0
Terra Titanic	Pop	1983	49.0
Solidarity	Pop	1983	33.0
Telegraph	Pop	1983	33.0
Get The Balance Right! - Combination Mix	Pop	1983	24.0
Take on Me	Pop	1985	83.0
Your Love	Pop	1985	70.0
Just the Two of Us (feat. Bill Withers)	Pop	1985	66.0
Broken Wings	Pop	1985	65.0
Gimme Gimme Gimme (with Patti Austin)	Pop	1985	46.0
Brothers In Arms	Pop	1985	24.0
You Spin Me Round (Like a Record)	Pop	1985	17.0
Everybody Wants To Rule The World - Extended Version	Pop	1985	2.0
Right Here Waiting	Pop	1989	75.0
If I Could Turn Back Time	Pop	1989	72.0
Jump (For My Love)	Pop	1989	63.0
Major Tom - Coming Home	Pop	1989	58.0
No me importa nada	Pop	1989	56.0
So Alive	Pop	1989	52.0
Vagabonds	Pop	1989	43.0
Somebody	Pop	1989	32.0
Something Good	Pop	1989	23.0
Golden Dreams	Pop	1989	0.0
On the Road Again - Live	Pop	1975	51.0
The Box	Rap	2019	98.0
Tusa	Rap	2019	98.0
HIGHEST IN THE ROOM	Rap	2019	94.0
BOP	Rap	2019	93.0
Vete	Rap	2019	93.0
Bandit (with YoungBoy Never Broke Again)	Rap	2019	92.0
Fantasias	Rap	2019	92.0
No Idea	Rap	2019	92.0
Ayy Macarena	Rap	2019	91.0
Futsal Shuffle 2020	Rap	2019	91.0
Falling	Rap	2018	97.0
rockstar (feat. 21 Savage)	Rap	2018	88.0
SAD!	Rap	2018	87.0
SICKO MODE	Rap	2018	87.0
Going Bad (feat. Drake)	Rap	2018	85.0
Murder On My Mind	Rap	2018	85.0
Swervin (feat. 6ix9ine)	Rap	2018	85.0
Drip Too Hard (Lil Baby & Gunna)	Rap	2018	84.0
Falling Down - Bonus Track	Rap	2018	83.0
MIA (feat. Drake)	Rap	2018	83.0
Jocelyn Flores	Rap	2017	86.0
Fuck Love (feat. Trippie Redd)	Rap	2017	84.0
Ric Flair Drip (& Metro Boomin)	Rap	2017	81.0
LOVE. FEAT. ZACARI.	Rap	2017	80.0
Save That Shit	Rap	2017	80.0
DNA.	Rap	2017	79.0
Look At Me!	Rap	2017	79.0
Kraazy	Rap	2017	78.0
Bad and Boujee (feat. Lil Uzi Vert)	Rap	2017	77.0
Crew (feat. Brent Faiyaz & Shy Glizzy)	Rap	2017	76.0
goosebumps	Rap	2016	86.0
Closer (feat. Halsey)	Rap	2016	85.0
Don't Let Me Down	Rap	2016	81.0
This Is What You Came For	Rap	2016	79.0
Work from Home (feat. Ty Dolla $ign)	Rap	2016	78.0
Broken	Rap	2016	77.0
Chill Bill (feat. J. Davi$ & Spooks)	Rap	2016	77.0
Sucker For Pain (with Wiz Khalifa, Imagine Dragons, Logic & Ty Dolla $ign feat. X Ambassadors)	Rap	2016	77.0
Money Longer	Rap	2016	76.0
No Problem (feat. Lil Wayne & 2 Chainz)	Rap	2016	74.0
No Role Modelz	Rap	2014	82.0
Hot N*gga	Rap	2014	74.0
I Mean It (feat. Remo)	Rap	2014	74.0
Collard Greens	Rap	2014	72.0
You & Me - Flume Remix	Rap	2014	72.0
7/11	Rap	2014	71.0
Trophies	Rap	2014	71.0
Post to Be (feat. Chris Brown & Jhene Aiko)	Rap	2014	70.0
Si Te Vienen a Contar	Rap	2014	70.0
Lifestyle	Rap	2014	69.0
Wild Ones (feat. Sia)	Rap	2012	76.0
Starships	Rap	2012	73.0
Jeremías 17-5	Rap	2012	68.0
Poetic Justice	Rap	2012	68.0
Backseat Freestyle	Rap	2012	67.0
Ayy Ladies	Rap	2012	66.0
Play Hard (feat. Ne-Yo & Akon)	Rap	2012	66.0
m.A.A.d city	Rap	2012	66.0
Love Sosa	Rap	2012	64.0
Party We Will Throw Now!	Rap	2012	64.0
Don't	Rap	2015	80.0
Exchange	Rap	2015	79.0
Antidote	Rap	2015	77.0
Kill Yourself (Part III)	Rap	2015	77.0
Weekend (feat. Miguel)	Rap	2015	77.0
Come Get Her	Rap	2015	76.0
679 (feat. Remy Boyz)	Rap	2015	75.0
Bitch Better Have My Money	Rap	2015	75.0
Paris	Rap	2015	75.0
Adventure of a Lifetime	Rap	2015	74.0
Black Skinhead	Rap	2013	75.0
Work REMIX (feat. A$AP Rocky, French Montana, Trinidad James & ScHoolboy Q)	Rap	2013	71.0
DJ Turn It Up	Rap	2013	69.0
23	Rap	2013	68.0
Bandz A Make Her Dance (feat. Lil' Wayne & 2 Chainz)	Rap	2013	65.0
Switch Lanes	Rap	2013	64.0
Harlem Shake	Rap	2013	62.0
I Luv This Shit	Rap	2013	61.0
Band Plays On	Rap	2013	59.0
We Own It (Fast & Furious)	Rap	2013	59.0
Ni**as In Paris	Rap	2011	77.0
The Motto	Rap	2011	73.0
No Church In The Wild	Rap	2011	70.0
Donald Trump	Rap	2011	68.0
Lotus Flower Bomb (feat. Miguel)	Rap	2011	67.0
Ima Boss (feat. Rick Ross)	Rap	2011	65.0
No Sleep	Rap	2011	65.0
Get Low featuring Ying Yang Twins	Rap	2011	64.0
On My Level (feat. Too $hort)	Rap	2011	64.0
Trouble On My Mind	Rap	2011	64.0
Best I Ever Had	Rap	2010	72.0
No Hands (feat. Roscoe Dash & Wale)	Rap	2010	69.33333333333333
Memories (feat. Kid Cudi)	Rap	2010	66.0
Hard in Da Paint	Rap	2010	65.0
My Chick Bad	Rap	2010	65.0
Grove St. Party (feat. Kebo Gotti)	Rap	2010	63.0
Over	Rap	2010	63.0
All I Do Is Win - Feat. T-Pain, Ludacris, Snoop Dogg & Rick Ross	Rap	2010	62.0
I Got 5 On It	Rap	2010	60.0
Smile	Rap	2010	60.0
Low (feat. T-Pain)	Rap	2008	79.0
Whatever You Like	Rap	2008	74.0
Indestructible	Rap	2008	70.0
Mrs. Officer	Rap	2008	69.0
It Was A Good Day	Rap	2008	60.0
A Milli	Rap	2008	59.5
Lollipop	Rap	2008	58.5
Wreckonize - Remix Vocal	Rap	2008	58.0
Let The Beat Build	Rap	2008	56.0
Independent (feat. Lil' Boosie and Lil' Phat)	Rap	2008	55.0
Life Is Good (feat. Drake)	Rap	2020	93.0
Sum 2 Prove	Rap	2020	81.0
Good News	Rap	2020	80.0
20/20	Rap	2020	79.0
Godzilla (feat. Juice WRLD)	Rap	2020	79.0
La Playa - Remix	Rap	2020	79.0
Diamonds (with Normani)	Rap	2020	77.0
6AM.........	Rap	2020	76.0
Ich hol dich ab	Rap	2020	76.0
Darkness	Rap	2020	75.0
Buy U a Drank (Shawty Snappin')	Rap	2007	76.0
Changes	Rap	2007	72.0
The Way I Are	Rap	2007	72.0
Real Muthaphuckkin' G's	Rap	2007	69.0
Hypnotize - 2007 Remaster	Rap	2007	68.0
Hypnotized (feat. Akon)	Rap	2007	65.0
Superstar	Rap	2007	65.0
Get Money (feat. Junior M.A.F.I.A.) - 2007 Remaster	Rap	2007	63.0
Juicy - 2007 Remaster	Rap	2007	62.0
Harder Than You Think	Rap	2007	61.0
Hard Knock Life (Ghetto Anthem)	Rap	1998	66.0
Back That Azz Up	Rap	1998	65.0
Hit 'Em Up - Single Version	Rap	1998	65.0
Rosa Parks	Rap	1998	63.0
Wanna Be A Baller	Rap	1998	63.0
SpottieOttieDopaliscious	Rap	1998	60.0
Can I Get A...	Rap	1998	58.0
Aquemini	Rap	1998	56.0
To Live & Die In L.A.	Rap	1998	53.0
We Can Freak It	Rap	1998	53.0
Ambitionz Az A Ridah	Rap	1996	77.0
All Eyez On Me	Rap	1996	75.0
If I Ruled the World (Imagine That) (feat. Lauryn Hill)	Rap	1996	68.0
Only God Can Judge Me	Rap	1996	68.0
ATLiens	Rap	1996	67.0
Hail Mary	Rap	1996	67.0
Hell on Earth (Front Lines)	Rap	1996	66.0
How Do You Want It	Rap	1996	66.0
All About U	Rap	1996	65.0
Can't C Me	Rap	1996	65.0
Sleep Now In the Fire	Rap	1999	66.0
Got Your Money (feat. Kelis)	Rap	1999	65.0
Still Not a Player (feat. Joe) - Radio Version	Rap	1999	65.0
Twinz (Deep Cover 98) (feat. Fat Joe)	Rap	1999	65.0
When I B On Tha Mic	Rap	1999	64.0
Hate Me Now (feat. Puff Daddy)	Rap	1999	62.0
Quiet Storm	Rap	1999	62.0
Bitch Please	Rap	1999	61.0
Notorious B.I.G. (feat. Lil' Kim & Puff Daddy) - 2005 Remaster	Rap	1999	56.0
You Ain't a Killer	Rap	1999	55.0
Steady Mobbin	Rap	2009	65.0
Party and Bullshit - 2008 Remaster	Rap	2009	60.0
Ice Cream Paint Job	Rap	2009	56.0
Money To Blow - Street Version	Rap	2009	56.0
Some Cut (feat. Cutty)	Rap	2009	56.0
No Problem	Rap	2009	54.0
Still Not a Player (feat. Joe)	Rap	2009	52.0
Thug	Rap	2009	52.0
Wasted (feat. Plies)	Rap	2009	52.0
Halle Berry (She's Fine)	Rap	2009	48.0
Are You Gonna Go My Way	Rap	1993	72.0
C.R.E.A.M.	Rap	1993	72.0
Gin And Juice (feat. Dat Nigga Daz)	Rap	1993	72.0
Insane in the Brain	Rap	1993	70.0
Who Am I (What's My Name)?	Rap	1993	70.0
93 'Til Infinity	Rap	1993	68.0
Protect Ya Neck	Rap	1993	66.0
Wu-Tang Clan Aint Nuthing ta F' Wit	Rap	1993	66.0
Hip Hop Hooray	Rap	1993	64.0
Ain't No Fun (If the Homies Cant Have None) (feat. Nate Dogg, Warren G & Kurupt)	Rap	1993	63.0
Gangsta's Paradise	Rap	1995	80.0
I Got 5 On It	Rap	1995	73.0
Shook Ones, Pt. II	Rap	1995	73.0
Survival of the Fittest	Rap	1995	68.0
Tha Crossroads	Rap	1995	67.0
Shimmy Shimmy Ya	Rap	1995	65.0
1st of Tha Month	Rap	1995	64.0
Shadowboxin'	Rap	1995	64.0
Ice Cream (feat. Ghostface Killah, Method Man & Cappadonna)	Rap	1995	63.0
Runnin'	Rap	1995	63.0
Mind Playing Tricks on Me	Rap	1991	65.0
Outshined	Rap	1991	63.0
Alwayz Into Somethin'	Rap	1991	61.0
How I Could Just Kill a Man	Rap	1991	59.0
Now That We Found Love	Rap	1991	57.0
Tonite	Rap	1991	53.0
Sometimes I Rhyme Slow	Rap	1991	51.0
Hand On the Pump	Rap	1991	49.0
Ain't No Future In Yo' Frontin'	Rap	1991	48.0
I Don't Give A Fuck	Rap	1991	46.0
The Real Slim Shady	Rap	2000	80.0
Ms. Jackson	Rap	2000	77.0
Stan	Rap	2000	74.0
So Fresh, So Clean	Rap	2000	66.0
Put It On Me	Rap	2000	64.0
What's Your Fantasy (Featuring Shawna)	Rap	2000	63.0
Hip Hop	Rap	2000	62.0
B.O.B.	Rap	2000	61.0
Sippin On Some Syrup (feat. UGK (Underground Kingz) & Project Pat)	Rap	2000	57.0
Get Your Walk On	Rap	2000	52.0
Juicy - 2005 Remaster	Rap	1994	76.0
Big Poppa - 2005 Remaster	Rap	1994	74.0
Sabotage	Rap	1994	71.0
Check Yo Self - Remix	Rap	1994	69.0
Who Shot Ya? - 2005 Remaster	Rap	1994	68.0
N.Y. State of Mind	Rap	1994	66.0
Gimme the Loot - 2005 Remaster	Rap	1994	64.0
Suicidal Thoughts - 2005 Remaster	Rap	1994	64.0
This D.J.	Rap	1994	64.0
A Girl Like You	Rap	1994	63.0
Jump Around	Rap	1992	74.0
Passin' Me By	Rap	1992	67.0
Jump	Rap	1992	66.0
Tonight's Da Night	Rap	1992	62.0
Damn It Feels Good to Be a Gangsta	Rap	1992	60.0
They Reminisce Over You (T.R.O.Y.)	Rap	1992	60.0
They Want EFX	Rap	1992	55.0
Green Machine	Rap	1992	54.0
Back To The Hotel	Rap	1992	53.0
Don't Sweat The Technique	Rap	1992	53.0
Hypnotize - 2014 Remaster	Rap	1997	75.0
Song 2 - 2012 Remaster	Rap	1997	74.0
Mo Money Mo Problems (feat. Puff Daddy & Mase) - 2014 Remaster	Rap	1997	72.0
Do For Love	Rap	1997	70.0
Notorious Thugs - 2014 Remaster	Rap	1997	66.0
Feel so Good	Rap	1997	64.0
Comprendes, Mendes?	Rap	1997	60.0
Blue on Black	Rap	1997	59.0
Can't Nobody Hold Me Down (feat. Mase)	Rap	1997	59.0
Been Around the World (feat. The Notorious B.I.G. & Mase)	Rap	1997	58.0
What's Luv? (feat. Ja-Rule & Ashanti)	Rap	2001	72.0
Let Me Blow Ya Mind	Rap	2001	71.0
I Got Love	Rap	2001	60.0
You Know How We Do It	Rap	2001	60.0
Area Codes	Rap	2001	59.0
Rollout (My Business)	Rap	2001	58.0
I'm a Thug	Rap	2001	56.0
One Minute Man (feat. Ludacris)	Rap	2001	56.0
Hello	Rap	2001	55.0
Worst Comes To Worst - Edited	Rap	2001	55.0
My Love (feat. T.I.)	Rap	2006	70.0
Snap Yo Fingers	Rap	2006	68.0
I Wanna Love You	Rap	2006	66.0
Joker And The Thief	Rap	2006	66.0
Why We Thugs	Rap	2006	62.0
U and Dat (feat. T. Pain & Kandi Girl)	Rap	2006	61.0
Lean Wit It, Rock Wit It	Rap	2006	60.0
Set It Off	Rap	2006	60.0
Push It	Rap	2006	59.0
Stuntin' Like My Daddy - Street	Rap	2006	59.0
Dilemma	Rap	2002	77.0
Cry Me a River	Rap	2002	74.0
Get Busy	Rap	2002	71.0
Get Low	Rap	2002	71.0
Hot In Herre	Rap	2002	71.0
Work It	Rap	2002	70.0
I Know What You Want (feat. Flipmode Squad)	Rap	2002	66.0
Air Force Ones	Rap	2002	61.0
It's Like That	Rap	2002	61.0
Good Times	Rap	2002	60.0
Suga Suga	Rap	2003	72.0
Roses	Rap	2003	71.0
P.I.M.P.	Rap	2003	69.5
21 Questions	Rap	2003	69.0
Right Thurr	Rap	2003	67.0
Gangsta Nation	Rap	2003	66.0
Many Men (Wish Death)	Rap	2003	65.0
Where The Hood At	Rap	2003	63.5
Patiently Waiting	Rap	2003	62.5
99 Problems	Rap	2003	60.0
Ridin'	Rap	2005	69.0
Laffy Taffy	Rap	2005	68.0
I'm Sprung	Rap	2005	67.0
Big City Life	Rap	2005	65.0
Beautiful	Rap	2005	64.0
Soul Survivor	Rap	2005	64.0
Still Tippin' (feat. Slim Thug & Paul Wall)	Rap	2005	62.0
Stay Fly - Explicit Album Version	Rap	2005	60.0
Sweet Soul Music	Rap	2005	60.0
Sittin' Sidewayz (feat. Big Pokey)	Rap	2005	59.0
Can I Kick It?	Rap	1990	69.0
Fight The Power	Rap	1990	56.0
The Ghetto	Rap	1990	55.0
La Raza	Rap	1990	51.0
The Nigga Ya Love To Hate	Rap	1990	51.0
Late Night Hype	Rap	1990	49.0
Knockin' Boots	Rap	1990	43.0
Freaks of the Industry	Rap	1990	42.0
Murder Rap	Rap	1990	31.0
Feel The Bass Again	Rap	1990	26.0
Yeah! (feat. Lil Jon & Ludacris)	Rap	2004	79.0
Through The Wire	Rap	2004	69.0
Ghetto Gospel	Rap	2004	68.0
I Need a Girl, Pt. 2 (feat. Loon, Ginuwine & Mario Winans)	Rap	2004	67.0
Let's Go (feat. Big D & Twista)	Rap	2004	65.0
Overnight Celebrity	Rap	2004	64.0
Freek-A-Leek	Rap	2004	63.0
Tipsy - Club Mix	Rap	2004	62.0
Tipsy - Radio Mix	Rap	2004	62.0
Gravel Pit	Rap	2004	60.0
No More ?'s	Rap	1988	64.0
Eazy-Duz-It	Rap	1988	56.0
My Prerogative	Rap	1988	56.0
Don't Believe The Hype	Rap	1988	52.0
Dopeman - Remix	Rap	1988	50.0
Eazy-er Said Than Dunn	Rap	1988	50.0
Posse On Broadway	Rap	1988	50.0
Straight Outta Compton	Rap	1988	49.0
Microphone Fiend	Rap	1988	47.0
Supersonic	Rap	1988	47.0
Sucker M.C.'s (Krush-Groove 1)	Rap	1984	43.0
Beat It - Single Version	Rap	1982	77.0
The Message (feat. Melle Mel & Duke Bootee)	Rap	1982	48.0
I Believe In You (You Believe In Me)	Rap	1973	38.0
Down Home Blues	Rap	1981	37.0
Cheating In The Next Room	Rap	1981	35.0
Sweet Home Alabama	Rap	1974	81.0
Woman To Woman	Rap	1974	48.0
Layla - 40th Anniversary Version / 2010 Remastered	Rap	1970	21.0
Midnight Rider	Rap	1970	3.0
Running Out Of Lies	Rap	1976	36.0
Boyz-N-The-Hood	Rap	1987	64.0
Paid In Full	Rap	1987	51.0
I Ain't No Joke	Rap	1987	48.0
I'm Bad	Rap	1987	47.0
Ghetto Man	Rap	1987	34.0
Mr. Big Stuff - Remix	Rap	1987	28.0
Old Time Rock & Roll	Rap	1978	72.0
Can I Change My Mind	Rap	1969	38.0
Walk This Way (feat. Aerosmith)	Rap	1986	68.0
Hold It Now, Hit It	Rap	1986	46.0
Let's Straighten It Out	Rap	1983	39.0
Rock The Bells	Rap	1985	51.0
King of Rock	Rap	1985	46.0
Members Only	Rap	1985	38.0
It's Funky Enough - Remastered Single	Rap	1989	51.0
The Formula	Rap	1989	46.0
My Hooptie	Rap	1989	39.0
The Rhythm	Rap	1989	29.0
The Pusher	Rap	1968	54.0
Slip Away	Rap	1968	53.0
Can't You Hear Me Knocking - Remastered	Rap	1971	3.0
Just Got Paid	Rap	1972	52.0
Brown Eyed Girl	Rap	1967	79.0
bad guy	Rock	2019	95.0
Unsainted	Rock	2019	77.0
Popular Monster	Rock	2019	75.0
Ludens	Rock	2019	73.0
Bubble Gum	Rock	2019	72.0
Nero Forte	Rock	2019	72.0
Glory	Rock	2019	71.0
Under the Graveyard	Rock	2019	71.0
original me (feat. dan reynolds of imagine dragons)	Rock	2019	71.0
Resentment	Rock	2019	70.0
Sunflower - Spider-Man: Into the Spider-Verse	Rock	2018	88.0
New Light	Rock	2018	80.0
Venom - Music From The Motion Picture	Rock	2018	76.0
It's Not Living (If It's Not With You)	Rock	2018	74.0
Wake Up in the Sky	Rock	2018	73.0
Can I Call You Tonight?	Rock	2018	72.0
La Mujer Perfecta	Rock	2018	72.0
Hunnybee	Rock	2018	69.0
Pressure	Rock	2018	69.0
Peach Pit	Rock	2018	67.0
Loving Is Easy	Rock	2017	80.0
Sign of the Times	Rock	2017	80.0
Sunflower	Rock	2017	79.0
Falling for U	Rock	2017	78.0
Lo Que Siento	Rock	2017	76.0
Everytime	Rock	2017	70.0
Television / So Far So Good	Rock	2017	69.0
Carolina	Rock	2017	68.0
Talk Too Much	Rock	2017	68.0
You Say I'm in Love	Rock	2017	68.0
We Don't Talk Anymore	Rock	2016	79.0
Dark Necessities	Rock	2016	74.0
Locos	Rock	2016	71.0
Scars	Rock	2016	67.0
Waste A Moment	Rock	2016	67.0
Silvertongue	Rock	2016	66.0
Kids	Rock	2016	64.0
WALLS	Rock	2016	64.0
Hot Blood	Rock	2016	63.0
Edge of Seventeen - 2016 Remaster	Rock	2016	61.0
Dancin (feat. Luvli) - Krono Remix	Rock	2014	84.0
A Sky Full of Stars	Rock	2014	78.0
Chamber Of Reflection	Rock	2014	73.0
Magic	Rock	2014	72.0
The Devil in I	Rock	2014	71.0
I Love You So	Rock	2014	70.0
My Demons	Rock	2014	70.0
Kathleen	Rock	2014	66.0
Always in My Head	Rock	2014	65.0
Cold Cold Man	Rock	2014	65.0
Feels Like We Only Go Backwards	Rock	2012	75.0
We Are Young (feat. Janelle Monáe)	Rock	2012	75.0
Breezeblocks	Rock	2012	73.0
Madness	Rock	2012	70.0
Absolute Zero	Rock	2012	68.0
Courtesy Call	Rock	2012	68.0
She	Rock	2012	64.0
Como Tú (Magic Music Box)	Rock	2012	63.0
War of Change	Rock	2012	63.0
Souvenir	Rock	2012	62.0
The Less I Know The Better	Rock	2015	85.0
Stressed Out	Rock	2015	83.0
Heavydirtysoul	Rock	2015	71.0
Molly (feat. Brendon Urie of Panic at the Disco)	Rock	2015	70.0
Psycho	Rock	2015	69.0
Yes I'm Changing	Rock	2015	69.0
Throne	Rock	2015	68.0
Cut the Cord	Rock	2015	67.0
I Am Machine	Rock	2015	67.0
State of My Head	Rock	2015	66.0
Do I Wanna Know?	Rock	2013	82.0
Why'd You Only Call Me When You're High?	Rock	2013	76.0
Cigarette Daydreams	Rock	2013	72.0
My Number	Rock	2013	70.0
Arrullo De Estrellas	Rock	2013	68.0
Shepherd of Fire	Rock	2013	68.0
Wrong Side of Heaven	Rock	2013	67.0
I Sat By The Ocean	Rock	2013	66.0
Call It Fate, Call It Karma	Rock	2013	63.0
Hail to the King	Rock	2013	62.0
Pumped Up Kicks	Rock	2011	83.0
Tongue Tied	Rock	2011	78.0
Somebody That I Used To Know	Rock	2011	77.0
Lonely Boy	Rock	2011	72.0
Still Loving You	Rock	2011	72.0
Cough Syrup	Rock	2011	70.0
Gold on the Ceiling	Rock	2011	69.0
The Look	Rock	2011	69.0
Under Cover of Darkness	Rock	2011	69.0
Walk	Rock	2011	68.0
What You Know	Rock	2010	71.0
The Suburbs	Rock	2010	69.0
Animal	Rock	2010	68.0
Down with the Sickness	Rock	2010	68.0
Cryin' Like A Bitch!!	Rock	2010	66.0
Pensando en Ti	Rock	2010	66.0
Love Will Tear Us Apart - 2010 Remaster	Rock	2010	64.0
A Warrior's Call	Rock	2010	63.0
Carry on Wayward Son	Rock	2010	63.0
Love-Hate-Sex-Pain	Rock	2010	62.0
Viva La Vida	Rock	2008	78.0
TRUE - Single Edit	Rock	2008	72.0
Love Will Tear Us Apart	Rock	2008	71.0
Ain't No Rest For The Wicked - Original Version	Rock	2008	70.0
Burn It to the Ground	Rock	2008	70.0
Indestructible	Rock	2008	70.0
Savior	Rock	2008	70.0
A-Punk	Rock	2008	69.0
Radar Love	Rock	2008	64.0
Anemone	Rock	2008	62.0
Woods	Rock	2020	72.0
Ordinary Man (feat. Elton John)	Rock	2020	71.0
Full Circle	Rock	2020	68.0
Break My Baby	Rock	2020	63.0
Soak Me in Bleach	Rock	2020	61.0
Empire	Rock	2020	60.0
Infinite	Rock	2020	59.0
So Predictable	Rock	2020	57.0
Wasting Time	Rock	2020	57.0
Half Your Age	Rock	2020	56.0
Electric Feel	Rock	2007	77.0
Kids	Rock	2007	76.0
The Pretender	Rock	2007	76.0
Thnks fr th Mmrs	Rock	2007	76.0
Love Song	Rock	2007	75.0
Bleed It Out	Rock	2007	72.0
I Hate Everything About You	Rock	2007	72.0
Misery Business	Rock	2007	71.0
Time to Pretend	Rock	2007	71.0
Given Up	Rock	2007	67.0
Iris	Rock	1998	77.0
Careless Whisper	Rock	1998	75.0
"I Don't Want to Miss a Thing - From ""Armageddon"" Soundtrack"	Rock	1998	75.0
"I Don't Want to Miss a Thing - From the Touchstone film, ""Armageddon"""	Rock	1998	74.0
Freak On a Leash	Rock	1998	73.0
You Get What You Give	Rock	1998	73.0
Enjoy the Silence	Rock	1998	71.0
Always on My Mind	Rock	1998	70.0
Fly Away	Rock	1998	70.0
One Week	Rock	1998	69.0
Bulls On Parade	Rock	1996	73.0
Como te extraño mi amor	Rock	1996	70.0
Cum on Feel the Noize	Rock	1996	70.0
One Headlight	Rock	1996	70.0
Lovefool	Rock	1996	69.0
3AM	Rock	1996	68.0
Crash into Me	Rock	1996	66.0
Wrong Way	Rock	1996	64.0
Criminal	Rock	1996	61.0
Barely Breathing	Rock	1996	58.0
Californication	Rock	1999	81.0
All Star	Rock	1999	79.0
Scar Tissue	Rock	1999	76.0
Drive	Rock	1999	74.0
Total Eclipse of the Heart	Rock	1999	74.0
Learn to Fly	Rock	1999	73.0
Break Stuff	Rock	1999	71.0
Last Kiss	Rock	1999	70.0
My Own Worst Enemy	Rock	1999	70.0
"Take My Breath Away - Love Theme from ""Top Gun"""	Rock	1999	70.0
Monster	Rock	2009	75.0
Uprising	Rock	2009	75.0
Hero	Rock	2009	72.0
I Will Not Bow	Rock	2009	71.0
Stuck In The Middle With You	Rock	2009	71.0
Dancing in the Moonlight	Rock	2009	69.0
This Is War	Rock	2009	67.0
Undisclosed Desires	Rock	2009	65.0
Break	Rock	2009	63.0
Resistance	Rock	2009	63.0
Linger	Rock	1993	75.0
Heart-Shaped Box	Rock	1993	74.0
Are You Gonna Go My Way	Rock	1993	72.0
Dreams	Rock	1993	72.0
Ordinary World	Rock	1993	72.0
Shape Of My Heart	Rock	1993	72.0
Come Undone	Rock	1993	66.0
All I Wanna Do	Rock	1993	65.0
Laid	Rock	1993	64.0
Atlantic City	Rock	1993	61.0
Wonderwall - Remastered	Rock	1995	79.0
Don't Look Back in Anger - Remastered	Rock	1995	73.0
High And Dry	Rock	1995	72.0
Don't Speak	Rock	1995	70.0
Fake Plastic Trees	Rock	1995	70.0
Common People	Rock	1995	68.0
"It Must Have Been Love - From the Film ""Pretty Woman"""	Rock	1995	68.0
Santa Monica	Rock	1995	68.0
Champagne Supernova - Remastered	Rock	1995	66.0
I'd Do Anything For Love (But I Won't Do That) - Live From The Beacon Theatre, New York, U.S.A./1995	Rock	1995	66.0
Under the Bridge	Rock	1991	81.0
Smells Like Teen Spirit	Rock	1991	78.66666666666667
One	Rock	1991	77.0
Black	Rock	1991	75.0
Even Flow	Rock	1991	75.0
(Everything I Do) I Do It For You	Rock	1991	74.0
Give It Away	Rock	1991	73.0
Learning To Fly	Rock	1991	71.0
Mama, I'm Coming Home	Rock	1991	69.0
Yellow Ledbetter	Rock	1991	69.0
In the End	Rock	2000	83.0
Yellow	Rock	2000	81.0
Kryptonite	Rock	2000	77.0
Down with the Sickness	Rock	2000	74.0
I Want To Hold Your Hand - Remastered 2015	Rock	2000	74.0
One Step Closer	Rock	2000	74.0
Beautiful Day	Rock	2000	72.0
Trouble	Rock	2000	71.0
Girls and Boys	Rock	2000	68.0
Rock DJ	Rock	2000	68.0
Basket Case	Rock	1994	79.0
When I Come Around	Rock	1994	75.0
Hallelujah	Rock	1994	72.0
The Man Who Sold The World	Rock	1994	72.0
Afuera	Rock	1994	71.0
Interstate Love Song	Rock	1994	71.0
I'll Stand by You	Rock	1994	69.0
Ode To My Family	Rock	1994	69.0
Loser	Rock	1994	68.0
Only Wanna Be with You	Rock	1994	68.0
Killing In The Name	Rock	1992	78.0
Friday I'm In Love	Rock	1992	75.0
Bed Of Roses	Rock	1992	73.0
Everybody Hurts	Rock	1992	73.0
No Rain	Rock	1992	73.0
Tears in Heaven - Acoustic; Live at MTV Unplugged, Bray Film Studios, Windsor, England, UK, 1/16/1992; 2013 Remaster	Rock	1992	73.0
Walk	Rock	1992	72.0
Symphony Of Destruction	Rock	1992	70.0
Runaway Train	Rock	1992	68.0
Friday I'm in Love	Rock	1992	67.0
Bitter Sweet Symphony	Rock	1997	78.0
Everlong	Rock	1997	77.0
Karma Police	Rock	1997	74.0
Semi-Charmed Life	Rock	1997	74.0
Song 2 - 2012 Remaster	Rock	1997	74.0
Angels	Rock	1997	73.0
"Danger Zone - From ""Top Gun"" Original Soundtrack"	Rock	1997	71.0
I'll Be	Rock	1997	70.0
My Hero	Rock	1997	69.0
Torn	Rock	1997	69.0
Last Resort	Rock	2001	79.0
How You Remind Me	Rock	2001	78.0
Toxicity	Rock	2001	78.0
Drops of Jupiter	Rock	2001	77.0
Your Body Is a Wonderland	Rock	2001	77.0
Island In The Sun	Rock	2001	75.0
Don't Stop Believin'	Rock	2001	74.0
In Too Deep	Rock	2001	74.0
Fat Lip	Rock	2001	73.0
Wherever You Will Go	Rock	2001	72.0
Snow (Hey Oh)	Rock	2006	79.0
Welcome to the Black Parade	Rock	2006	78.0
Chasing Cars	Rock	2006	77.0
Teenagers	Rock	2006	77.0
Dani California	Rock	2006	76.0
Crazy	Rock	2006	75.0
When You Were Young	Rock	2006	75.0
Starlight	Rock	2006	73.0
Supermassive Black Hole	Rock	2006	73.0
Animal I Have Become	Rock	2006	72.0
Can't Stop	Rock	2002	80.0
Here Without You	Rock	2002	75.0
By the Way	Rock	2002	74.0
Headstrong	Rock	2002	73.0
Feel	Rock	2002	72.0
No One Knows	Rock	2002	71.0
Still Waiting	Rock	2002	69.0
When I'm Gone	Rock	2002	69.0
Lifestyles of the Rich & Famous	Rock	2002	68.0
The Red	Rock	2002	68.0
Numb	Rock	2003	81.0
Bring Me To Life	Rock	2003	78.0
Are You Gonna Be My Girl	Rock	2003	74.0
I'm Gonna Be (500 Miles)	Rock	2003	74.0
Eres	Rock	2003	73.0
Reptilia	Rock	2003	73.0
Stacy's Mom	Rock	2003	73.0
I Hate Everything About You	Rock	2003	70.0
Love	Rock	2003	70.0
Going Under	Rock	2003	69.0
Feel Good Inc.	Rock	2005	80.0
Bad Day	Rock	2005	76.0
You're Beautiful	Rock	2005	76.0
B.Y.O.B.	Rock	2005	75.0
Blue Monday - 2016 Remaster	Rock	2005	73.0
Stricken	Rock	2005	72.0
Coming Undone	Rock	2005	71.0
Lips Of An Angel	Rock	2005	71.0
Self Esteem	Rock	2005	71.0
The Kill	Rock	2005	71.0
Thunderstruck	Rock	1990	81.0
More Than Words	Rock	1990	71.0
La Célula Que Explota	Rock	1990	69.0
Black Betty	Rock	1990	67.0
What I Like About You	Rock	1990	66.0
Cherry Pie	Rock	1990	65.0
Enjoy the Silence - Single Mix	Rock	1990	65.0
Are You Ready	Rock	1990	64.0
She Talks To Angels	Rock	1990	63.0
Silent Lucidity - Remastered/2003	Rock	1990	61.0
American Idiot	Rock	2004	78.0
Mr. Brightside	Rock	2004	77.0
Somewhere Only We Know	Rock	2004	77.0
Duality	Rock	2004	76.0
Wake Me up When September Ends	Rock	2004	76.0
I'm Not Okay (I Promise)	Rock	2004	74.0
Everybody's Changing	Rock	2004	73.0
Take Me Out	Rock	2004	71.5
Boulevard of Broken Dreams	Rock	2004	71.0
Can't Be Touched (feat. Mr. Magic & Trouble)	Rock	2004	71.0
Where Is My Mind?	Rock	1988	74.0
American Pie	Rock	1988	71.0
Every Rose Has Its Thorn - Remastered 2003	Rock	1988	71.0
She Drives Me Crazy	Rock	1988	71.0
A Little Respect - 2009 Remastered Version	Rock	1988	69.0
Gypsy	Rock	1988	69.0
Viento	Rock	1988	68.0
Bad Medicine	Rock	1988	67.0
I Hate Myself for Loving You	Rock	1988	67.0
Patience	Rock	1988	67.0
Jump - 2015 Remaster	Rock	1984	78.0
I Want to Know What Love Is - 1999 Remaster	Rock	1984	77.0
Dancing In the Dark	Rock	1984	76.0
The Boys Of Summer	Rock	1984	76.0
Born in the U.S.A.	Rock	1984	75.0
Can't Fight This Feeling	Rock	1984	73.0
Panama - 2015 Remaster	Rock	1984	73.0
We're Not Gonna Take It	Rock	1984	73.0
This Charming Man - 2011 Remaster	Rock	1984	72.0
You're the Inspiration - 2006 Remaster	Rock	1984	72.0
Africa	Rock	1982	83.0
Billie Jean	Rock	1982	81.0
Under Pressure - Remastered	Rock	1982	81.0
Should I Stay or Should I Go - Remastered	Rock	1982	79.0
Beat It - Single Version	Rock	1982	77.0
Jack & Diane	Rock	1982	73.0
Rock the Casbah - Remastered	Rock	1982	72.0
Hungry Like the Wolf - 2009 Remaster	Rock	1982	71.0
Hurts So Good	Rock	1982	69.0
White Wedding - Pt. 1	Rock	1982	68.0
Dream On	Rock	1973	78.0
La Grange - 2005 Remaster	Rock	1973	74.0
Knockin' On Heaven's Door - Remastered	Rock	1973	73.0
Money	Rock	1973	73.0
Angie	Rock	1973	72.0
Long Train Runnin'	Rock	1973	71.0
Crocodile Rock	Rock	1973	70.0
Time	Rock	1973	70.0
Bennie And The Jets - Remastered 2014	Rock	1973	68.5
Breathe (In the Air)	Rock	1973	68.0
Highway to Hell	Rock	1979	83.0
Another Brick in the Wall, Pt. 2	Rock	1979	76.0
Comfortably Numb	Rock	1979	74.0
Message In A Bottle	Rock	1979	74.0
Boys Don't Cry	Rock	1979	73.0
London Calling - Remastered	Rock	1979	73.0
My Sharona	Rock	1979	73.0
Escape (The Pina Colada Song)	Rock	1979	71.0
The Logical Song - Remastered 2010	Rock	1979	71.0
Don't Bring Me Down	Rock	1979	70.0
Dreams - 2004 Remaster	Rock	1977	79.0
Mr. Blue Sky	Rock	1977	79.0
Dust in the Wind	Rock	1977	77.0
We Are The Champions - Remastered 2011	Rock	1977	76.0
Heroes - 2017 Remaster	Rock	1977	75.0
Give A Little Bit	Rock	1977	74.0
Go Your Own Way - 2004 Remaster	Rock	1977	73.33333333333333
The Chain - 2004 Remaster	Rock	1977	73.0
We Will Rock You - Remastered	Rock	1977	73.0
Psycho Killer - 2005 Remaster	Rock	1977	72.0
Don't Stop Believin'	Rock	1981	80.0
In The Air Tonight - 2015 Remastered	Rock	1981	76.0
Start Me Up - Remastered	Rock	1981	76.0
Don't You Want Me	Rock	1981	74.0
I Love Rock 'N Roll	Rock	1981	72.0
Centerfold	Rock	1981	71.0
Just Can't Get Enough	Rock	1981	71.0
Heart Of Glass - Special Mix	Rock	1981	70.0
Jessie's Girl	Rock	1981	70.0
Limelight	Rock	1981	69.0
Rebel Rebel - 2016 Remaster	Rock	1974	74.0
You Ain't Seen Nothing Yet	Rock	1974	68.0
Bad Company - 2015 Remaster	Rock	1974	63.0
Sundown	Rock	1974	63.0
Sweet Home Alabama	Rock	1974	63.0
Ballroom Blitz	Rock	1974	60.0
Doctor Doctor - 2007 Remaster	Rock	1974	60.0
Rikki Don't Lose That Number	Rock	1974	60.0
The Bitch Is Back	Rock	1974	59.0
You're No Good	Rock	1974	59.0
Let It Be - Remastered 2009	Rock	1970	79.0
Have You Ever Seen The Rain	Rock	1970	78.0
Immigrant Song - Remaster	Rock	1970	77.0
Roadhouse Blues	Rock	1970	72.0
Moondance - 2013 Remaster	Rock	1970	69.0
Mississippi Queen	Rock	1970	68.0
Paranoid - 2016 Remaster	Rock	1970	68.0
Iron Man - 2014 Remaster	Rock	1970	66.0
Oh! Sweet Nuthin' - 2015 Remastered	Rock	1970	66.0
Casey Jones - 2013 Remaster	Rock	1970	64.0
Hotel California - 2013 Remaster	Rock	1976	82.0
T.N.T.	Rock	1976	77.0
Carry on Wayward Son	Rock	1976	74.0
If You Leave Me Now	Rock	1976	74.0
American Girl	Rock	1976	73.0
Dirty Deeds Done Dirt Cheap	Rock	1976	73.0
Life in the Fast Lane - 2013 Remaster	Rock	1976	72.0
Blitzkrieg Bop - 2016 Remaster	Rock	1976	71.0
It's a Long Way to the Top (If You Wanna Rock 'N' Roll)	Rock	1976	70.0
Rich Girl	Rock	1976	70.0
Pour Some Sugar On Me - Remastered 2017	Rock	1987	74.0
Alone	Rock	1987	73.0
The House of the Rising Sun	Rock	1987	73.0
Englishman In New York	Rock	1987	71.0
Dude (Looks Like A Lady)	Rock	1987	70.0
Got My Mind Set On You - 2004 Mix	Rock	1987	70.0
Hysteria	Rock	1987	68.0
I Think We're Alone Now	Rock	1987	68.0
Here I Go Again - 2018 Remaster	Rock	1987	67.5
Just Like Heaven	Rock	1987	67.5
Don't Stop Me Now - 2011 Mix	Rock	1978	83.0
Roxanne	Rock	1978	77.0
Hold the Line	Rock	1978	75.0
Runnin' with the Devil - 2015 Remaster	Rock	1978	70.0
Baker Street	Rock	1978	69.0
Just What I Needed	Rock	1978	69.0
What a Fool Believes	Rock	1978	68.0
Wuthering Heights	Rock	1978	68.0
Fat Bottomed Girls - 2011 Remaster	Rock	1978	67.0
Fat Bottomed Girls - Remastered 2011	Rock	1978	66.0
Come Together - Remastered 2009	Rock	1969	79.0
Whole Lotta Love - 1990 Remaster	Rock	1969	76.0
Something - Remastered 2009	Rock	1969	71.0
Good Times Bad Times - 1993 Remaster	Rock	1969	70.0
Ramble On - 1990 Remaster	Rock	1969	70.0
Touch Me	Rock	1969	67.0
Pale Blue Eyes	Rock	1969	66.0
You Can't Always Get What You Want	Rock	1969	66.0
Black Magic Woman - Single Version	Rock	1969	65.0
Dazed and Confused	Rock	1969	63.0
The Final Countdown	Rock	1986	75.0
You Can Call Me Al	Rock	1986	75.0
There Is a Light That Never Goes Out - 2011 Remaster	Rock	1986	73.0
You Shook Me All Night Long	Rock	1986	72.0
Glory of Love	Rock	1986	71.0
Carrie	Rock	1986	70.0
True Colors	Rock	1986	68.0
Walk This Way (feat. Aerosmith)	Rock	1986	68.0
Bigmouth Strikes Again - 2011 Remaster	Rock	1986	67.0
Bizarre Love Triangle	Rock	1986	67.0
Back In Black	Rock	1980	83.0
Another One Bites The Dust - Remastered 2011	Rock	1980	79.33333333333333
You Shook Me All Night Long	Rock	1980	78.0
Crazy Train	Rock	1980	77.0
You Make My Dreams	Rock	1980	77.0
Ace of Spades	Rock	1980	74.0
Crazy Little Thing Called Love - Remastered 2011	Rock	1980	74.0
Any Way You Want It	Rock	1980	71.0
Hells Bells	Rock	1980	70.0
Keep on Loving You	Rock	1980	70.0
Every Breath You Take	Rock	1983	83.0
Sweet Dreams (Are Made of This) - Remastered	Rock	1983	81.0
Uptown Girl	Rock	1983	77.0
Girls Just Want to Have Fun	Rock	1983	76.0
99 Luftballons	Rock	1983	73.0
Karma Chameleon - Remastered	Rock	1983	72.0
Sharp Dressed Man - 2008 Remaster	Rock	1983	72.0
Let's Dance - 2018 Remaster	Rock	1983	71.0
Rebel Yell	Rock	1983	71.0
Sunday Bloody Sunday - Remastered 2008	Rock	1983	70.0
Take on Me	Rock	1985	83.0
Everybody Wants To Rule The World	Rock	1985	80.0
Eye of the Tiger	Rock	1985	76.0
Your Love	Rock	1985	70.33333333333333
Shout	Rock	1985	70.0
How Will I Know	Rock	1985	69.0
Close To Me	Rock	1985	68.0
St. Elmos Fire (Man in Motion)	Rock	1985	68.0
Addicted To Love	Rock	1985	67.0
Broken Wings	Rock	1985	65.0
Right Here Waiting	Rock	1989	75.0
We Didn't Start the Fire	Rock	1989	73.0
I Won't Back Down	Rock	1989	71.0
Free Fallin'	Rock	1989	70.5
18 and Life	Rock	1989	69.0
Love Shack	Rock	1989	69.0
I Remember You	Rock	1989	68.0
Hey	Rock	1989	67.0
Poison	Rock	1989	65.6
Lovesong - Remastered	Rock	1989	65.0
Bohemian Rhapsody - 2011 Mix	Rock	1975	80.0
Landslide	Rock	1975	77.0
Wish You Were Here	Rock	1975	76.0
Born to Run	Rock	1975	73.0
Sweet Emotion	Rock	1975	73.0
Walk This Way	Rock	1975	72.0
You Sexy Thing	Rock	1975	71.0
I'm Not In Love	Rock	1975	70.0
No Woman, No Cry - Live At The Lyceum, London/1975	Rock	1975	70.0
50 Ways to Leave Your Lover	Rock	1975	69.0
All Along the Watchtower	Rock	1968	76.0
Born To Be Wild	Rock	1968	73.0
Born To Be Wild - Single Version	Rock	1968	67.0
Piece of My Heart	Rock	1968	67.0
Hello, I Love You	Rock	1968	62.0
Helter Skelter - Remastered 2009	Rock	1968	62.0
Hush - 1998 Remaster	Rock	1968	62.0
Sweet Thing - 1999 Remaster	Rock	1968	62.0
A Hazy Shade of Winter	Rock	1968	54.0
The Pusher	Rock	1968	54.0
Tiny Dancer	Rock	1971	79.0
Stairway to Heaven - Remaster	Rock	1971	78.0
Riders on the Storm	Rock	1971	74.0
American Pie	Rock	1971	73.0
Black Dog - Remaster	Rock	1971	73.0
Wild Horses	Rock	1971	72.0
Stairway to Heaven - 1990 Remaster	Rock	1971	69.0
Changes - 2015 Remaster	Rock	1971	66.0
Honky Tonk Women - Mono Version	Rock	1971	66.0
Jealous Guy - Remastered 2010	Rock	1971	66.0
Rocket Man (I Think It's Going To Be A Long, Long Time)	Rock	1972	81.0
Listen to the Music	Rock	1972	75.0
Smoke On The Water - Remastered 2012	Rock	1972	75.0
Take It Easy - 2013 Remaster	Rock	1972	75.0
You're so Vain	Rock	1972	75.0
Walk On the Wild Side	Rock	1972	74.0
Starman - 2012 Remaster	Rock	1972	73.0
Brandy (You're a Fine Girl)	Rock	1972	72.0
Heart of Gold - 2009 Remaster	Rock	1972	71.0
Reelin' In The Years	Rock	1972	71.0
Happy Together	Rock	1967	74.0
Light My Fire	Rock	1967	72.0
Break on Through (To the Other Side)	Rock	1967	71.0
Purple Haze	Rock	1967	71.0
Hey Joe	Rock	1967	70.0
People Are Strange	Rock	1967	69.0
White Rabbit	Rock	1967	69.0
Nights In White Satin - Single Version / Mono Mix	Rock	1967	67.0
A Day In The Life - Remastered 2009	Rock	1967	66.0
Waterloo Sunset - Mono Mix	Rock	1967	66.0
For What It's Worth	Rock	1966	73.0
Wouldn't It Be Nice - Stereo Mix	Rock	1966	71.0
Paint It, Black - Mono	Rock	1966	66.0
Like a Rolling Stone - Live at Royal Albert Hall, London, UK - May 26, 1966	Rock	1966	61.0
House Of The Rising Sun	Rock	1966	60.0
Sunshine Superman	Rock	1966	59.0
My Generation - Mono Version	Rock	1966	56.0
Gimme Shelter - Mono	Rock	1966	36.0
Paint It Black	Rock	1966	14.0
One Bourbon, One Scotch, One Beer	Rock	1966	2.0
(I Can't Get No) Satisfaction - Mono Version	Rock	1965	76.0
In My Life - Remastered 2009	Rock	1965	73.0
Like a Rolling Stone	Rock	1965	71.0
Turn! Turn! Turn! (To Everything There Is a Season)	Rock	1965	42.0
I Can't Explain - Stereo Version	Rock	1965	41.0
Where Have All the Good Times Gone	Rock	1965	36.0
My Generation - Shel Talmy Stereo Version	Rock	1965	1.0
The Sound of Silence - Acoustic Version	Rock	1964	74.0
You Really Got Me - Mono Mix	Rock	1964	72.0
Eight Days A Week - Remastered 2009	Rock	1964	65.0
All Day and All of the Night	Rock	1964	33.0
You Really Got Me	Rock	1964	16.0
I Saw Her Standing There - Remastered 2009	Rock	1963	71.0
A Hard Rain's A-Gonna Fall	Rock	1963	59.0
Surfer Joe - Hit Version	Rock	1963	15.0
Driftin' Blues	Rock	1963	0.0
Green Onions	Rock	1962	64.0
Long Tall Sally (The Thing)	Rock	1957	1.0
Jailhouse Rock	Rock	1958	73.0
Circles	Latin	2019	98.0
The Box	Latin	2019	98.0
Tusa	Latin	2019	98.0
Don't Start Now	Latin	2019	97.0
everything i wanted	Latin	2019	97.0
RITMO (Bad Boys For Life)	Latin	2019	96.0
bad guy	Latin	2019	95.0
HIGHEST IN THE ROOM	Latin	2019	94.0
My Oh My (feat. DaBaby)	Latin	2019	94.0
Ride It	Latin	2019	94.0
Falling	Latin	2018	97.0
Sunflower - Spider-Man: Into the Spider-Verse	Latin	2018	88.0
Without Me	Latin	2018	88.0
SAD!	Latin	2018	87.0
SICKO MODE	Latin	2018	87.0
Sweet but Psycho	Latin	2018	87.0
3 Nights	Latin	2018	86.0
Calma - Remix	Latin	2018	86.0
High Hopes	Latin	2018	86.0
Can We Kiss Forever?	Latin	2018	85.0
Perfect	Latin	2017	86.0
Thunder	Latin	2017	85.0
Let You Down	Latin	2017	83.0
Meant to Be (feat. Florida Georgia Line)	Latin	2017	81.0
Ric Flair Drip (& Metro Boomin)	Latin	2017	81.0
Body	Latin	2017	79.0
Nevermind	Latin	2017	79.0
Stay	Latin	2017	79.0
Tu Sicaria	Latin	2017	78.0
Me Rehúso	Latin	2017	77.0
Closer (feat. Halsey)	Latin	2016	85.0
Don't Let Me Down	Latin	2016	81.0
Cake By The Ocean	Latin	2016	80.0
7 Years	Latin	2016	79.0
We Don't Talk Anymore	Latin	2016	79.0
Dangerous Woman	Latin	2016	77.0
My Way	Latin	2016	77.0
Rockabye (feat. Sean Paul & Anne-Marie)	Latin	2016	77.0
Sucker For Pain (with Wiz Khalifa, Imagine Dragons, Logic & Ty Dolla $ign feat. X Ambassadors)	Latin	2016	77.0
Ya Me Enteré	Latin	2016	75.0
Photograph	Latin	2014	84.0
Thinking out Loud	Latin	2014	83.0
Rude	Latin	2014	78.0
Best Day Of My Life	Latin	2014	76.0
Propuesta Indecente	Latin	2014	76.0
Counting Stars	Latin	2014	74.0
Problem	Latin	2014	74.0
XO	Latin	2014	72.0
House Party	Latin	2014	71.0
Odio	Latin	2014	71.0
When I Was Your Man	Latin	2012	82.0
Locked Out of Heaven	Latin	2012	78.0
Treasure	Latin	2012	76.0
Feel So Close - Radio Edit	Latin	2012	75.0
Firework	Latin	2012	73.0
Good Feeling	Latin	2012	73.0
Radioactive	Latin	2012	73.0
We Are Young (feat. Janelle Monáe)	Latin	2012	73.0
Demons	Latin	2012	72.0
Good Time	Latin	2012	72.0
Can't Feel My Face	Latin	2015	80.0
Sugar	Latin	2015	80.0
Centuries	Latin	2015	79.0
Faded	Latin	2015	77.0
Tennessee Whiskey	Latin	2015	77.0
Unsteady	Latin	2015	77.0
Animals	Latin	2015	75.0
Jumpman	Latin	2015	75.0
Confident	Latin	2015	74.0
Bajo El Agua	Latin	2015	73.0
All of Me	Latin	2013	85.0
Wake Me Up	Latin	2013	84.0
Vivir Mi Vida	Latin	2013	75.0
The Monster	Latin	2013	74.0
Turn Down for What	Latin	2013	72.0
Pompeii	Latin	2013	71.0
Darte un Beso	Latin	2013	70.0
Donde Estan Las Gatas (feat. Nicky Jam)	Latin	2013	68.0
I Love It (feat. Charli XCX)	Latin	2013	67.0
Pam Pam	Latin	2013	67.0
A Thousand Years	Latin	2011	79.0
Someone Like You	Latin	2011	79.0
Love You Like A Love Song	Latin	2011	75.0
Fuiste Tú	Latin	2011	74.0
Stronger (What Doesn't Kill You)	Latin	2011	73.0
Country Girl (Shake It For Me)	Latin	2011	72.0
International Love	Latin	2011	71.0
¡Corre!	Latin	2011	70.0
Wanted	Latin	2011	69.0
Stereo Hearts (feat. Adam Levine)	Latin	2011	68.5
Hey, Soul Sister	Latin	2010	82.0
Love The Way You Lie	Latin	2010	82.0
Just the Way You Are	Latin	2010	78.5
DJ Got Us Fallin' In Love (feat. Pitbull)	Latin	2010	78.0
Waka Waka (This Time for Africa) [The Official 2010 FIFA World Cup (TM) Song]	Latin	2010	77.0
Baby	Latin	2010	76.0
Airplanes (feat. Hayley Williams)	Latin	2010	75.0
Grenade	Latin	2010	75.0
Danza Kuduro	Latin	2010	73.75
Marry You	Latin	2010	72.0
I'm Yours	Latin	2008	82.0
Don't Stop The Music	Latin	2008	76.0
Chicken Fried	Latin	2008	75.0
Free Fallin' - Live at the Nokia Theatre, Los Angeles, CA - December 2007	Latin	2008	74.0
Llamado de Emergencia	Latin	2008	71.0
Poker Face	Latin	2008	69.0
Single Ladies (Put a Ring on It)	Latin	2008	69.0
No Me Doy Por Vencido	Latin	2008	68.0
Just Dance	Latin	2008	67.0
Suavemente	Latin	2008	67.0
Yummy	Latin	2020	95.0
Life Is Good (feat. Drake)	Latin	2020	93.0
Rare	Latin	2020	88.0
Good News	Latin	2020	87.0
You should be sad	Latin	2020	86.0
Eleven	Latin	2020	83.0
Morado	Latin	2020	82.0
Muévelo	Latin	2020	82.0
La Playa - Remix	Latin	2020	79.0
Me Gusta	Latin	2020	79.0
Yo Quisiera	Latin	2007	70.0
La rebelion	Latin	2007	68.0
Vuela, Vuela (Voyage, Voyage)	Latin	2007	67.0
Hoja En Blanco	Latin	2007	65.0
Mientes Tan Bien	Latin	2007	65.0
5 Letras	Latin	2007	64.0
Imagine	Latin	2007	63.0
Qué Vida la Mía	Latin	2007	63.0
No Te Veo - Digital Single	Latin	2007	61.0
Soy Igual Que Tú	Latin	2007	61.0
Ciega, Sordomuda	Latin	1998	68.0
Inevitable	Latin	1998	68.0
Vuelve	Latin	1998	68.0
Bongo Bong	Latin	1998	66.0
Tú	Latin	1998	66.0
Lost	Latin	1998	62.0
Mentirosa	Latin	1998	62.0
Tiburon	Latin	1998	58.0
Te Mentiría	Latin	1998	56.0
Nuestra Cancion	Latin	1998	49.0
Lloraras	Latin	1996	64.0
Reach (NBC Olympic Version)	Latin	1996	45.0
Coco Jamboo - Radio Version	Latin	1996	18.0
Real Love (Spanish)	Latin	1996	15.0
I Can't Live Without You	Latin	1996	10.0
About Last Night	Latin	1996	0.0
Bring Me Back	Latin	1996	0.0
Open Up Your Heart	Latin	1996	0.0
Rock 'N' Roll All Nite - Live	Latin	1996	0.0
Share This Moment	Latin	1996	0.0
Mambo No. 5 (a Little Bit of...)	Latin	1999	76.0
Say My Name	Latin	1999	76.0
The Next Episode	Latin	1999	73.0
You Got Me	Latin	1999	65.0
Amante Bandido	Latin	1999	55.0
La Rosa De Los Vientos	Latin	1999	54.0
Vivir Sin Aire - Unplugged	Latin	1999	53.0
Llegó la Cripta	Latin	1999	51.0
Siempre Peligroso - feat. Fermin IV Caballero of Control Machete	Latin	1999	50.0
Yo Quiero Fumar (I Wanna Get High) - Spanish Edit	Latin	1999	50.0
Bad Romance	Latin	2009	78.0
Fireflies	Latin	2009	78.0
Down	Latin	2009	76.0
Secrets	Latin	2009	76.0
Colgando en tus manos (con Marta Sánchez)	Latin	2009	74.0
Yo No Sé Mañana	Latin	2009	74.0
Party In The U.S.A.	Latin	2009	73.0
Replay	Latin	2009	73.0
Rude Boy	Latin	2009	72.0
El Malo	Latin	2009	71.0
Insane in the Brain	Latin	1993	70.0
Suave	Latin	1993	68.0
Mirala Miralo	Latin	1993	61.0
Con los Años Que Me Quedan	Latin	1993	60.0
Macarena	Latin	1993	58.0
Mi Tierra	Latin	1993	55.0
Hoy - Spanish Version	Latin	1993	51.0
Mi Buen Amor	Latin	1993	48.0
Ayer	Latin	1993	45.0
Tus Ojos	Latin	1993	40.0
Gangsta's Paradise	Latin	1995	80.0
Estoy Aquí	Latin	1995	64.0
Donde Estas Corazon	Latin	1995	62.0
Pa' Mayté	Latin	1995	60.0
La Tierra del Olvido	Latin	1995	58.0
Piel Morena	Latin	1995	58.0
Cotton Eye Joe	Latin	1995	57.0
Abriendo Puertas	Latin	1995	44.0
Azúcar Amargo	Latin	1995	43.0
Tres Deseos (Three Wishes)	Latin	1995	37.0
Hacer El Amor Con Otro	Latin	1991	66.0
Rica y Apretadita (feat. Anayka)	Latin	1991	60.0
Spring Love	Latin	1991	49.0
I Wanna Be the One	Latin	1991	46.0
Dreamin' of Love	Latin	1991	41.0
Party Your Body	Latin	1991	36.0
Latin Lingo	Latin	1991	35.0
Coming Out of the Dark	Latin	1991	33.0
Tres Equis	Latin	1991	31.0
Together Forever	Latin	1991	24.0
Tu Cariñito	Latin	2000	65.0
Un Montón De Estrellas	Latin	2000	61.0
Arrasando	Latin	2000	54.0
Como Me Duele Perderte	Latin	2000	53.0
Inevitable - En Vivo	Latin	2000	53.0
Let The Music Play	Latin	2000	53.0
Perfidia	Latin	2000	45.0
Give Me Tonight	Latin	2000	44.0
No Me Dejes de Querer	Latin	2000	36.0
Por un Beso	Latin	2000	31.0
Turn the Beat Around	Latin	1994	42.0
It's Too Late	Latin	1994	34.0
Hold Me, Thrill Me, Kiss Me	Latin	1994	33.0
Then Came You	Latin	1994	16.0
Chase	Latin	1994	0.0
Crimes Of love	Latin	1994	0.0
Girl You Hear me Crying	Latin	1994	0.0
If Ever	Latin	1994	0.0
Just Like The Wind (94 Flava)	Latin	1994	0.0
Some Kind Of Love	Latin	1994	0.0
Otro Día Más Sin Verte	Latin	1992	62.0
Vivir Sin Aire	Latin	1992	60.0
Provócame	Latin	1992	50.0
Good Riddance (Time of Your Life)	Latin	1997	75.0
Corazón partío	Latin	1997	74.0
En El Muelle De San Blas	Latin	1997	72.0
Tiene Espinas El Rosal	Latin	1997	69.0
Carrying Your Love With Me	Latin	1997	62.0
Comprendes, Mendes?	Latin	1997	60.0
Tiburon	Latin	1997	57.0
El Taqui Taqui - Original Mix	Latin	1997	54.0
Guallando	Latin	1997	53.0
Soy Chingon	Latin	1997	41.0
Tabaco Y Chanel	Latin	2001	68.0
Amores extraños - Versión 2001	Latin	2001	65.0
El Duelo (feat. Ely Guerra)	Latin	2001	65.0
En La Cama (feat. Daddy Yankee)	Latin	2001	65.0
Me haces bien	Latin	2001	65.0
Macarena - Bayside Boys Remix	Latin	2001	62.0
La soledad - Versión 2001	Latin	2001	60.0
Me Liberé	Latin	2001	59.0
Carito	Latin	2001	57.0
Return of the Tres	Latin	2001	51.0
Life is a Highway	Latin	2006	72.0
Mis Ojos Lloran Por Ti	Latin	2006	71.0
Bendita Tu Luz	Latin	2006	69.0
Caraluna	Latin	2006	69.0
Ojitos Chiquitos	Latin	2006	68.0
Bandoleros	Latin	2006	67.0
Qué Precio Tiene el Cielo - Salsa Version	Latin	2006	67.0
Tu Recuerdo (feat. La Mari De Chambao & Tommy Torres) - MTV Unplugged Version	Latin	2006	67.0
Sensacion Del Bloque	Latin	2006	66.0
El Telefono	Latin	2006	65.0
Obsesion	Latin	2002	73.0
Es Por Tí	Latin	2002	72.0
Mi primer millon	Latin	2002	69.0
Fotografía	Latin	2002	67.0
Así Es la Vida	Latin	2002	66.0
Azul	Latin	2002	65.0
En el 2000	Latin	2002	63.0
Get Busy	Latin	2002	61.0
Baby Boy (feat. Beyoncé )	Latin	2002	58.0
De la Noche a la Mañana	Latin	2002	54.0
Hey Ya!	Latin	2003	78.0
Crazy In Love (feat. Jay-Z)	Latin	2003	75.0
Pa' Que Retozen	Latin	2003	71.0
Andar Conmigo	Latin	2003	69.0
Collide - Acoustic Version	Latin	2003	69.0
Dale Don Dale	Latin	2003	67.0
Lento	Latin	2003	66.0
Hay Algo en Ti	Latin	2003	59.0
Dembow	Latin	2003	58.0
Métele Sazón	Latin	2003	58.0
Hips Don't Lie (feat. Wyclef Jean)	Latin	2005	80.0
Better Together	Latin	2005	75.0
Ella Y Yo - Featuring Don Omar	Latin	2005	74.0
Atrévete-Te-Te	Latin	2005	73.0
Banana Pancakes	Latin	2005	71.0
La Botella	Latin	2005	67.0
La Boda	Latin	2005	66.0
Mírala Bien	Latin	2005	64.0
Rompe	Latin	2005	64.0
Ella Se Fue	Latin	2005	60.0
Abrázame Muy Fuerte	Latin	1990	72.0
Rayando El Sol	Latin	1990	68.0
Qué Hay de Malo	Latin	1990	65.0
Oiga, Mire, Vea	Latin	1990	64.0
Conga	Latin	1990	60.0
Tiempo De Vals	Latin	1990	58.0
Cada Dia Que Pasa	Latin	1990	55.0
Completamente Enamorados	Latin	1990	54.0
La Raza	Latin	1990	51.0
Eternamente Bella	Latin	1990	48.0
Yeah! (feat. Lil Jon & Ludacris)	Latin	2004	79.0
Lo Que Pasó, Pasó	Latin	2004	73.0
Since U Been Gone	Latin	2004	72.0
Tu Amor Me Hace Bien - Salsa Version	Latin	2004	69.0
Tu Príncipe	Latin	2004	69.0
Yo Voy (feat. Daddy Yankee)	Latin	2004	66.0
Turn Me On	Latin	2004	65.0
Amiga mía	Latin	2004	64.0
Breakaway	Latin	2004	64.0
Al Natural (feat. Yandel)	Latin	2004	63.0
La Incondicional	Latin	1988	75.0
Culpable O No - Miénteme Como Siempre	Latin	1988	73.0
Tell It to My Heart	Latin	1988	65.0
The Promise	Latin	1988	63.0
Fría Como El Viento	Latin	1988	61.0
It Takes Two	Latin	1988	54.0
Catch Me (I'm Falling)	Latin	1988	46.0
Silent Morning	Latin	1988	43.0
Dreamin'	Latin	1988	42.0
Say It's Gonna Rain	Latin	1988	37.0
1-2-3 - Single Version	Latin	1984	37.0
Everlasting Love	Latin	1984	36.0
P.Y.T. (Pretty Young Thing)	Latin	1982	71.0
Amarillo By Morning	Latin	1982	66.0
Ojos Chinos	Latin	1982	55.0
Danger	Latin	1982	48.0
We Are Family	Latin	1979	71.0
Brujeria	Latin	1979	55.0
Apache - 45 Version	Latin	1981	42.0
Dancing Queen	Latin	1976	72.0
Ahora Te Puedes Marchar	Latin	1987	77.0
Point of No Return	Latin	1987	48.0
Can't Stay Away from You	Latin	1987	47.0
Diamond Girl	Latin	1987	45.0
Come Go with Me	Latin	1987	43.0
Exposed To Love	Latin	1987	30.0
Sweet Caroline	Latin	1987	20.0
Rhythm Is Gonna Get You	Latin	1987	1.0
One Way Love	Latin	1987	0.0
Two of Hearts	Latin	1986	54.0
Point of No Return	Latin	1986	38.0
For Tonight	Latin	1986	30.0
Reincarnation	Latin	1986	26.0
Livin' On A Prayer	Latin	1986	24.0
Boogie Down Bronx	Latin	1983	33.0
Remember What You Like	Latin	1983	19.0
I Wonder If I Take You Home	Latin	1985	51.0
Words Get in the Way	Latin	1985	45.0
Head to Toe	Latin	1985	44.0
Anything for You	Latin	1985	40.0
I See Your Smile	Latin	1985	34.0
Can You Feel the Beat	Latin	1985	0.0
Love Shack	Latin	1989	69.0
Mujeres	Latin	1989	68.0
Don't Wanna Lose You	Latin	1989	52.0
Get on Your Feet	Latin	1989	44.0
Here We Are	Latin	1989	43.0
Mentirosa	Latin	1989	42.0
Cuts Both Ways	Latin	1989	41.0
Wake Up	Latin	1989	41.0
Oye Mi Canto - Single Version	Latin	1989	38.0
(You're My One And Only) True Love	Latin	1989	30.0
My Girl	Latin	1965	26.0
Blinding Lights	R&B	2019	98.0
Memories	R&B	2019	98.0
The Box	R&B	2019	98.0
Tusa	R&B	2019	98.0
Don't Start Now	R&B	2019	97.0
everything i wanted	R&B	2019	97.0
RITMO (Bad Boys For Life)	R&B	2019	96.0
bad guy	R&B	2019	95.0
HIGHEST IN THE ROOM	R&B	2019	94.0
My Oh My (feat. DaBaby)	R&B	2019	94.0
Falling	R&B	2018	97.0
Happier	R&B	2018	89.0
lovely (with Khalid)	R&B	2018	89.0
Shallow	R&B	2018	88.0
Without Me	R&B	2018	88.0
rockstar (feat. 21 Savage)	R&B	2018	88.0
Better Now	R&B	2018	87.0
SAD!	R&B	2018	87.0
SICKO MODE	R&B	2018	87.0
Sweet but Psycho	R&B	2018	87.0
Jocelyn Flores	R&B	2017	86.0
idontwannabeyouanymore	R&B	2017	85.0
ocean eyes	R&B	2017	85.0
HUMBLE.	R&B	2017	84.0
I Like Me Better	R&B	2017	83.0
New Rules	R&B	2017	83.0
Young Dumb & Broke	R&B	2017	83.0
Chanel	R&B	2017	82.0
IDGAF	R&B	2017	82.0
Location	R&B	2017	82.0
Closer (feat. Halsey)	R&B	2016	85.0
Say You Won't Let Go	R&B	2016	85.0
Congratulations	R&B	2016	84.0
Starboy	R&B	2016	84.0
Good as Hell	R&B	2016	83.0
That's What I Like	R&B	2016	82.0
Can I Be Him	R&B	2016	78.0
Nights	R&B	2016	78.0
Cheap Thrills	R&B	2016	77.0
Formation	R&B	2016	77.0
Jealous	R&B	2014	79.0
Say Something	R&B	2014	78.0
Wet Dreamz	R&B	2014	78.0
Not About Angels	R&B	2014	75.0
I Mean It (feat. Remo)	R&B	2014	74.0
7/11	R&B	2014	71.0
Partition	R&B	2014	71.0
Post to Be (feat. Chris Brown & Jhene Aiko)	R&B	2014	70.0
Apparently	R&B	2014	69.0
Shake It Off	R&B	2014	68.0
Feels Like We Only Go Backwards	R&B	2012	75.0
Thinkin Bout You	R&B	2012	75.0
You Said You'd Grow Old With Me	R&B	2012	71.0
The Morning	R&B	2012	70.0
Beneath Your Beautiful	R&B	2012	69.0
Read All About It, Pt. III	R&B	2012	68.0
Lost	R&B	2012	67.33333333333333
m.A.A.d city	R&B	2012	67.0
Money Trees	R&B	2012	66.0
Forrest Gump	R&B	2012	65.0
Love Yourself	R&B	2015	83.0
Don't	R&B	2015	80.0
Exchange	R&B	2015	79.0
Wait a Minute!	R&B	2015	78.0
Sunset Lover	R&B	2015	77.0
Tennessee Whiskey	R&B	2015	77.0
Weekend (feat. Miguel)	R&B	2015	77.0
Lay Me Down	R&B	2015	76.0
Lost Boy	R&B	2015	76.0
Often	R&B	2015	76.0
All of Me	R&B	2013	85.0
Royals	R&B	2013	78.0
Blurred Lines	R&B	2013	76.0
Summertime Sadness (Lana Del Rey Vs. Cedric Gervais) - Cedric Gervais Remix	R&B	2013	73.0
So Good At Being in Trouble	R&B	2013	68.0
Chum	R&B	2013	67.0
It Won't Stop (feat. Chris Brown)	R&B	2013	66.0
You're Not Good Enough	R&B	2013	63.0
Hannah Hunt	R&B	2013	62.0
The Mother We Share	R&B	2013	61.0
Marvins Room	R&B	2011	74.0
Midnight City	R&B	2011	71.0
Novacane	R&B	2011	71.0
Take Care	R&B	2011	71.0
Holocene	R&B	2011	70.0
Turning Tables	R&B	2011	66.0
Swim Good	R&B	2011	65.0
She (Featuring Frank Ocean)	R&B	2011	64.0
I Follow Rivers	R&B	2011	62.0
Wildfire	R&B	2011	62.0
Just the Way You Are	R&B	2010	80.0
All Of The Lights	R&B	2010	75.0
My Chick Bad	R&B	2010	65.0
Sprawl II (Mountains Beyond Mountains)	R&B	2010	63.0
All I Want Is You (feat. J. Cole)	R&B	2010	62.0
Dancing On My Own	R&B	2010	61.0
Man Down	R&B	2010	59.0
Mi Mujer	R&B	2010	59.0
Round And Round	R&B	2010	57.0
Helicopter	R&B	2010	56.0
Halo	R&B	2008	77.0
Live Your Life (feat. Rihanna)	R&B	2008	74.0
A Milli	R&B	2008	73.0
Broken Strings	R&B	2008	70.0
If I Were a Boy	R&B	2008	68.0
It Was A Good Day	R&B	2008	60.0
I Wanna Know	R&B	2008	58.0
sobeautiful	R&B	2008	58.0
Green Light (feat. André 3000)	R&B	2008	57.0
Melt My Heart to Stone	R&B	2008	57.0
Yummy	R&B	2020	95.0
Life Is Good (feat. Drake)	R&B	2020	93.0
Good News	R&B	2020	87.0
You should be sad	R&B	2020	86.0
Lose You To Love Me	R&B	2020	85.0
Eleven	R&B	2020	83.0
Morado	R&B	2020	82.0
Muévelo	R&B	2020	82.0
Rare	R&B	2020	80.5
Vulnerable	R&B	2020	80.0
Bubbly	R&B	2007	71.0
How Do I Breathe	R&B	2007	69.0
Bed	R&B	2007	67.0
Valerie - Live At BBC Radio 1 Live Lounge, London / 2007	R&B	2007	65.0
Can't Help but Wait	R&B	2007	62.0
Same Girl (with Usher)	R&B	2007	60.0
Lesson Learned (feat. John Mayer)	R&B	2007	57.0
Never Would Have Made It	R&B	2007	55.0
Bartender (feat. Akon)	R&B	2007	54.0
Circle	R&B	2007	51.0
My Love Is Your Love	R&B	1998	67.0
The Boy Is Mine	R&B	1998	66.0
So Into You	R&B	1998	64.0
Love Like This	R&B	1998	63.0
Have You Ever	R&B	1998	60.0
SpottieOttieDopaliscious	R&B	1998	60.0
Sweet Lady	R&B	1998	59.0
It's All About Me	R&B	1998	58.0
Beauty	R&B	1998	57.0
Anywhere	R&B	1998	53.0
No Diggity	R&B	1996	76.0
Killing Me Softly With His Song	R&B	1996	74.0
Return of the Mack	R&B	1996	72.0
How Do You Want It	R&B	1996	66.0
Ascension (Don't Ever Wonder)	R&B	1996	65.0
Twisted	R&B	1996	63.0
2 Of Amerikaz Most Wanted	R&B	1996	62.0
Nobody (feat. Athena Cage)	R&B	1996	62.0
Can't You See (feat. The Notorious B.I.G.)	R&B	1996	61.0
Every Time I Close My Eyes (with Mariah Carey, Kenny G & Sheila E.)	R&B	1996	61.0
No Scrubs	R&B	1999	79.0
Say My Name	R&B	1999	73.0
Pony	R&B	1999	72.0
Back At One	R&B	1999	71.0
Forgot About Dre	R&B	1999	71.0
I Try	R&B	1999	71.0
Jumpin', Jumpin'	R&B	1999	70.0
Maria Maria (feat. The Product G&B) - Radio Mix	R&B	1999	66.0
"U Know What's Up (feat. Lisa ""Left Eye"" Lopes)"	R&B	1999	60.0
I Don't Wanna	R&B	1999	59.0
Obsessed	R&B	2009	67.0
Knock You Down	R&B	2009	65.0
Whole Wide World	R&B	2009	63.0
Chasing Pirates	R&B	2009	59.0
Pretty Wings - uncut	R&B	2009	58.0
I Saw Mommy Kissing Santa Claus	R&B	2009	57.0
Never Forget You	R&B	2009	56.0
After the Storm	R&B	2009	54.0
Just Ain't Gonna Work Out	R&B	2009	51.0
Honey Dove	R&B	2009	50.0
C.R.E.A.M.	R&B	1993	72.0
Gin And Juice (feat. Dat Nigga Daz)	R&B	1993	72.0
Who Am I (What's My Name)?	R&B	1993	70.0
Protect Ya Neck	R&B	1993	66.0
Proud Mary	R&B	1993	66.0
Wu-Tang Clan Aint Nuthing ta F' Wit	R&B	1993	66.0
That's The Way Love Goes	R&B	1993	65.0
If You Love Me	R&B	1993	62.0
Method Man	R&B	1993	60.0
Knockin' da Boots	R&B	1993	59.0
Always Be My Baby	R&B	1995	73.0
Fantasy	R&B	1995	71.0
One Sweet Day	R&B	1995	68.0
Tell Me	R&B	1995	63.0
Never Knew Love Like This Before	R&B	1995	62.0
Candy Rain	R&B	1995	59.0
Bucktown	R&B	1995	58.0
You Used to Love Me	R&B	1995	58.0
Soon as I Get Home	R&B	1995	57.0
Freak Like Me	R&B	1995	56.0
Remember the Time	R&B	1991	69.0
Black or White	R&B	1991	66.0
Emotions	R&B	1991	63.0
I Love Your Smile	R&B	1991	59.0
I Wanna Sex You Up - Single Mix	R&B	1991	58.0
Breakin' My Heart (Pretty Brown Eyes)	R&B	1991	57.0
Good Vibrations	R&B	1991	57.0
Motownphilly	R&B	1991	57.0
Dangerous	R&B	1991	56.0
Try Me	R&B	1991	56.0
Ms. Jackson	R&B	2000	77.0
He Wasn't Man Enough	R&B	2000	65.0
I Wanna Know	R&B	2000	64.0
Didn't Cha Know	R&B	2000	62.0
Shackles (Praise You)	R&B	2000	60.0
A Long Walk	R&B	2000	54.0
Love	R&B	2000	54.0
Case Of The Ex (Whatcha Gonna Do)	R&B	2000	53.0
Girls Dem Sugar	R&B	2000	53.0
Send It On	R&B	2000	53.0
All I Want for Christmas Is You	R&B	1994	90.0
Waterfalls	R&B	1994	71.0
Creep	R&B	1994	66.0
I Swear	R&B	1994	66.0
Smooth Operator - Single Version	R&B	1994	66.0
I'll Make Love To You	R&B	1994	63.0
I Wanna Be Down	R&B	1994	60.0
The World Is Yours	R&B	1994	60.0
Groove Me	R&B	1994	59.0
Before I Let You Go	R&B	1994	57.0
It Was A Good Day	R&B	1992	74.0
I Have Nothing	R&B	1992	73.0
Jump	R&B	1992	66.0
Weak	R&B	1992	66.0
I'm So Into You	R&B	1992	62.0
Don't Walk Away	R&B	1992	61.0
They Reminisce Over You (T.R.O.Y.)	R&B	1992	60.0
Right Here - Human Nature Radio Mix	R&B	1992	59.0
Freak Me	R&B	1992	58.0
What About Your Friends	R&B	1992	58.0
Mo Money Mo Problems (feat. Puff Daddy & Mase) - 2014 Remaster	R&B	1997	72.0
All My Life	R&B	1997	70.0
Gettin' Jiggy Wit It	R&B	1997	70.0
Chan Chan	R&B	1997	67.0
Together Again	R&B	1997	67.0
You Make Me Wanna...	R&B	1997	67.0
Too Close	R&B	1997	64.0
Got 'Til It's Gone	R&B	1997	63.0
Nice & Slow	R&B	1997	63.0
Triumph (feat. Cappadonna)	R&B	1997	63.0
U Remind Me	R&B	2001	73.0
What's Luv? (feat. Ja-Rule & Ashanti)	R&B	2001	72.0
Let Me Blow Ya Mind	R&B	2001	71.0
Family Affair	R&B	2001	70.0
Get Ur Freak On	R&B	2001	70.0
U Got It Bad	R&B	2001	70.0
Where the Party At (feat. Nelly)	R&B	2001	67.0
Can We Talk	R&B	2001	66.0
Peaches and Cream	R&B	2001	66.0
7 Days	R&B	2001	62.5
Put Your Records On	R&B	2006	75.0
Gravity	R&B	2006	74.0
Waiting On the World to Change	R&B	2006	74.0
Rehab	R&B	2006	73.0
Me & U	R&B	2006	72.0
I Wanna Love You	R&B	2006	70.0
When I See U	R&B	2006	68.0
Shortie Like Mine	R&B	2006	67.0
Ice Box	R&B	2006	63.0
Like A Star	R&B	2006	63.0
Foolish	R&B	2002	71.0
Hot In Herre	R&B	2002	71.0
Work It	R&B	2002	70.0
Jenny from the Block (feat. Jadakiss & Styles P.) - Track Masters Remix	R&B	2002	65.0
Oh Boy	R&B	2002	65.0
Don't Mess With My Man (feat. Brian Casey & Brandon Casey)	R&B	2002	64.0
Mesmerize	R&B	2002	62.5
Happy	R&B	2002	62.0
Just a Friend 2002 - Radio Edit	R&B	2002	62.0
Get Busy	R&B	2002	61.0
If I Ain't Got You	R&B	2003	78.0
P.I.M.P.	R&B	2003	74.0
In Da Club	R&B	2003	71.0
Ignition - Remix	R&B	2003	70.0
21 Questions	R&B	2003	69.0
Daughters	R&B	2003	68.0
Right Thurr	R&B	2003	67.0
So Gone	R&B	2003	67.0
The Blower's Daughter	R&B	2003	67.0
Me, Myself and I	R&B	2003	66.0
Feeling Good	R&B	2005	70.0
Love	R&B	2005	68.0
I'm Sprung	R&B	2005	67.0
"Slow Down - 12"" Version"	R&B	2005	67.0
Don't Cha	R&B	2005	66.0
Grind with Me	R&B	2005	66.0
I Need a Girl (Pt. One) (feat. Usher & Loon)	R&B	2005	64.0
Come and Talk to Me - Remix	R&B	2005	60.0
1 Thing	R&B	2005	59.0
Peaches & Cream (feat. P. Diddy)	R&B	2005	57.0
This Christmas	R&B	1990	75.0
U Can't Touch This	R&B	1990	71.0
Poison	R&B	1990	66.0
Step by Step	R&B	1990	61.0
Feels Good	R&B	1990	58.0
Hold On	R&B	1990	58.0
It Takes Two	R&B	1990	56.0
Let's Chill	R&B	1990	55.0
She's Playing Hard To Get	R&B	1990	55.0
I Like The Way	R&B	1990	54.0
My Boo	R&B	2004	77.0
One, Two Step	R&B	2004	74.0
Let Me Love You	R&B	2004	72.66666666666667
I'll Be Missing You (feat. 112)	R&B	2004	71.0
Hollaback Girl	R&B	2004	69.0
Confessions Part II - Confessions Special Edition Version	R&B	2004	67.0
Drop It Like It's Hot	R&B	2004	67.0
I Need a Girl, Pt. 2 (feat. Loon, Ginuwine & Mario Winans)	R&B	2004	67.0
Burn - Confession Special Edition Version	R&B	2004	66.0
Bump, Bump, Bump	R&B	2004	65.0
Can You Stand The Rain	R&B	1988	61.0
Straight Up	R&B	1988	59.0
If It Isn't Love	R&B	1988	57.0
Love Is Stronger Than Pride	R&B	1988	56.0
Superwoman	R&B	1988	54.0
You Got It (The Right Stuff)	R&B	1988	54.0
Cold Hearted	R&B	1988	53.0
Every Little Step	R&B	1988	53.0
Piece Of My Love	R&B	1988	52.0
Nite and Day	R&B	1988	51.0
When Doves Cry	R&B	1984	70.0
Let's Go Crazy	R&B	1984	61.0
Your Love Is King	R&B	1984	61.0
I Would Die 4 U	R&B	1984	60.0
Corona	R&B	1984	53.0
Take Me with U	R&B	1984	49.0
River's Island	R&B	1984	40.0
Riverside Hotel	R&B	1984	32.0
Little Piece of My Heart	R&B	1984	29.0
君のハートはマリンブルー	R&B	1984	26.0
1999	R&B	1982	68.0
On The Wings Of Love	R&B	1982	57.0
You Dropped A Bomb On Me	R&B	1982	56.0
Atomic Dog	R&B	1982	51.0
Delirious	R&B	1982	49.0
Jungle Boogie	R&B	1973	63.0
Hollywood Swinging	R&B	1973	54.0
What Is Hip?	R&B	1973	52.0
Keep Your Head to the Sky	R&B	1973	46.0
Higher Ground	R&B	1973	4.0
Don't Bring Me Down	R&B	1979	70.0
Just Got Paid - Single Version	R&B	1979	48.0
I Thought It Was You (with Herbie Hancock)	R&B	1979	37.0
Santa Claus Is Coming to Town	R&B	1979	25.0
Butterfly (with Herbie Hancock)	R&B	1979	20.0
Brick House	R&B	1977	64.0
Lust For Life	R&B	1977	37.0
Flash Light	R&B	1977	12.0
Tom Sawyer	R&B	1981	73.0
Give It To Me Baby	R&B	1981	64.0
SHADOW CITY	R&B	1981	32.0
Jolene	R&B	1974	74.0
Quimbara	R&B	1974	60.0
Ain't No Love In The Heart Of The City - Single Version	R&B	1974	58.0
Just Kissed My Baby	R&B	1974	56.0
Pick Up the Pieces	R&B	1974	53.0
I Can't Stand The Rain	R&B	1974	41.0
Standing on the Verge of Getting It On	R&B	1974	38.0
Nothing From Nothing	R&B	1974	2.0
Fire	R&B	1974	1.0
Tell Me Something Good	R&B	1974	0.0
Big Yellow Taxi	R&B	1970	69.0
Moondance - 2013 Remaster	R&B	1970	69.0
Rock & Roll - 2015 Remastered Full Length Version	R&B	1970	61.0
Didn't I (Blow Your Mind This Time)	R&B	1970	59.0
Express Yourself	R&B	1970	59.0
Thank You (Falettinme Be Mice Elf Agin) - single master	R&B	1970	54.0
Them Changes	R&B	1970	0.0
More Than a Feeling	R&B	1976	78.0
American Girl	R&B	1976	73.0
Play That Funky Music	R&B	1976	67.0
Sunny	R&B	1976	64.0
Misty Blue	R&B	1976	51.0
Car Wash	R&B	1976	50.0
Get The Funk Out Ma Face	R&B	1976	49.0
The Rubberband Man	R&B	1976	47.0
Muskrat Love	R&B	1976	0.0
I Wanna Dance with Somebody (Who Loves Me)	R&B	1987	80.0
Didn't We Almost Have It All	R&B	1987	63.0
Always	R&B	1987	59.0
Sign 'O' the Times	R&B	1987	54.0
Criticize	R&B	1987	53.0
Make It Last Forever (with Jacci McGhee)	R&B	1987	53.0
Rock Steady	R&B	1987	53.0
The Way You Make Me Feel - 2012 Remaster	R&B	1987	51.0
Right and a Wrong Way	R&B	1987	49.0
Two Occasions	R&B	1987	49.0
Blame It on the Boogie	R&B	1978	69.0
Grease - 2007 Remaster	R&B	1978	63.0
Y.M.C.A.	R&B	1978	61.0
Shake Your Body (Down to the Ground)	R&B	1978	50.0
Shake Your Groove Thing	R&B	1978	10.0
Son Of A Preacher Man	R&B	1969	71.0
California Soul	R&B	1969	62.0
It's Your Thing	R&B	1969	59.0
Cissy Strut	R&B	1969	57.0
Run Rudolph Run - Single Version	R&B	1986	79.0
Sweet Love	R&B	1986	61.0
On My Own	R&B	1986	51.0
As We Lay	R&B	1986	45.0
君は1000%	R&B	1986	45.0
What Have You Done For Me Lately	R&B	1986	44.0
Someone	R&B	1986	42.0
Come Share My Love	R&B	1986	40.0
I'm for Real	R&B	1986	39.0
Facts of Love	R&B	1986	33.0
You Make My Dreams	R&B	1980	77.0
I'm Coming Out	R&B	1980	66.0
Upside Down	R&B	1980	65.0
Take Your Time (Do It Right)	R&B	1980	58.0
Never Alone	R&B	1980	0.0
Let's Dance - 2002 Remaster	R&B	1983	65.0
Summer Suspicion	R&B	1983	40.0
Midnight Pretenders	R&B	1983	39.0
I'm in Love	R&B	1983	38.0
Midnight Down Town	R&B	1983	37.0
ひと夏のタペストリー	R&B	1983	30.0
Body to Body	R&B	1983	23.0
How Will I Know	R&B	1985	69.0
Rhythm Of The Night	R&B	1985	64.0
Saving All My Love for You	R&B	1985	63.0
You Are My Lady	R&B	1985	53.0
Tender Love	R&B	1985	52.0
Oh Sheila	R&B	1985	51.0
You Give Good Love	R&B	1985	50.0
Dear Breeze	R&B	1985	45.0
Jezebel	R&B	1985	39.0
Futari No Natsu Monogatari Never Ending Summer	R&B	1985	35.0
Back To Life	R&B	1989	59.0
All I Do Is Think of You	R&B	1989	55.0
Ready Or Not	R&B	1989	53.0
Escapade	R&B	1989	52.0
Rhythm Nation	R&B	1989	50.0
Something in My Heart	R&B	1989	50.0
Don't Wanna Fall in Love	R&B	1989	49.0
Whip Appeal - 12-inch Version	R&B	1989	47.0
On Our Own	R&B	1989	46.0
Miss You Much	R&B	1989	45.5
December, 1963 (Oh What a Night!)	R&B	1975	70.0
Give Up The Funk (Tear The Roof Off The Sucker)	R&B	1975	61.0
Shining Star	R&B	1975	61.0
Fooled Around And Fell In Love	R&B	1975	60.0
Low Rider	R&B	1975	59.0
I Got The... - 2006 Remaster	R&B	1975	53.0
At Seventeen	R&B	1975	5.0
Love Rollercoaster	R&B	1975	4.0
Build Me Up Buttercup	R&B	1968	72.0
Back Door Santa	R&B	1968	48.0
Ain't No Sunshine	R&B	1971	76.0
Hard Times	R&B	1971	50.0
Without You - Remastered	R&B	1971	13.0
Tumbling Dice	R&B	1972	60.0
Clean up Woman	R&B	1972	58.0
Pusherman	R&B	1972	55.0
Superfly	R&B	1972	54.0
Metal Guru	R&B	1972	36.0
(Your Love Keeps Lifting Me) Higher & Higher	R&B	1967	67.0
Can't Take My Eyes off You	R&B	1967	65.0
Someday At Christmas	R&B	1967	59.0
I Never Loved a Man (The Way I Love You)	R&B	1967	54.0
Don't Make the Good Girls Go Bad	R&B	1967	24.0
When a Man Loves a Woman	R&B	1966	66.0
Land of 1000 Dances	R&B	1966	61.0
You Can't Hurry Love	R&B	1966	13.0
Like a Rolling Stone	R&B	1965	71.0
Que Bueno Baila Usted	R&B	1965	40.0
People Get Ready	R&B	1965	11.0
Winter Wonderland	R&B	1964	45.0
Christmas (Baby Please Come Home)	R&B	1963	73.0
Green Onions	R&B	1962	64.0
Mess Around	R&B	1957	59.0
Paloma Negra	R&B	1961	47.0
At Last - Single Version	R&B	1960	20.0
(What A) Wonderful World - Remastered	R&B	1960	13.0
Jingle Bells	R&B	1960	11.0
Blinding Lights	Edm	2019	98.0
Memories	Edm	2019	98.0
The Box	Edm	2019	98.0
Tusa	Edm	2019	98.0
Don't Start Now	Edm	2019	97.0
everything i wanted	Edm	2019	97.0
RITMO (Bad Boys For Life)	Edm	2019	96.0
bad guy	Edm	2019	95.0
HIGHEST IN THE ROOM	Edm	2019	94.0
My Oh My (feat. DaBaby)	Edm	2019	94.0
Lucid Dreams	Edm	2018	92.0
Calma - Remix	Edm	2018	86.0
God's Plan	Edm	2018	86.0
One Kiss (with Dua Lipa)	Edm	2018	85.0
In My Mind	Edm	2018	84.0
The Middle	Edm	2018	84.0
2002	Edm	2018	83.0
Baila Conmigo (feat. Kelly Ruiz)	Edm	2018	83.0
Happy Now	Edm	2018	80.5
Solo (feat. Demi Lovato)	Edm	2018	80.0
Shape of You	Edm	2017	86.0
I Like Me Better	Edm	2017	83.0
Treat You Better	Edm	2017	83.0
There's Nothing Holdin' Me Back	Edm	2017	82.0
Wolves	Edm	2017	82.0
Scared to Be Lonely	Edm	2017	81.0
Symphony (feat. Zara Larsson)	Edm	2017	78.0
Friends (with BloodPop®)	Edm	2017	76.0
Most Girls	Edm	2017	76.0
Shout Out to My Ex	Edm	2017	76.0
Closer (feat. Halsey)	Edm	2016	85.0
Say You Won't Let Go	Edm	2016	85.0
That's What I Like	Edm	2016	82.0
Don't Let Me Down	Edm	2016	81.0
Heathens	Edm	2016	81.0
Let Me Love You	Edm	2016	81.0
i hate u, i love u (feat. olivia o'brien)	Edm	2016	81.0
In the Name of Love	Edm	2016	80.0
7 Years	Edm	2016	79.0
Into You	Edm	2016	79.0
Dancin (feat. Luvli) - Krono Remix	Edm	2014	84.0
Photograph	Edm	2014	84.0
Thinking out Loud	Edm	2014	83.0
Chandelier	Edm	2014	79.0
Little Do You Know	Edm	2014	79.0
Blank Space	Edm	2014	78.0
Rude	Edm	2014	78.0
Budapest	Edm	2014	76.0
Take Me to Church	Edm	2014	76.0
Blame	Edm	2014	75.0
Can't Hold Us - feat. Ray Dalton	Edm	2012	83.0
When I Was Your Man	Edm	2012	82.0
Radioactive	Edm	2012	78.0
Don't You Worry Child - Radio Edit	Edm	2012	77.0
Call Me Maybe	Edm	2012	76.0
Timber (feat. Ke$ha)	Edm	2012	76.0
Whistle	Edm	2012	76.0
Wild Ones (feat. Sia)	Edm	2012	76.0
Girl On Fire	Edm	2012	75.0
Payphone	Edm	2012	75.0
Love Yourself	Edm	2015	83.0
Stressed Out	Edm	2015	83.0
Ride	Edm	2015	81.0
Sorry	Edm	2015	81.0
What Do You Mean?	Edm	2015	78.0
Secret Love Song (feat. Jason Derulo)	Edm	2015	77.0
Cheerleader - Felix Jaehn Remix Radio Edit	Edm	2015	76.0
Maps	Edm	2015	76.0
My House	Edm	2015	76.0
Please Don't Go	Edm	2015	76.0
All of Me	Edm	2013	85.0
Counting Stars	Edm	2013	80.0
Dark Horse	Edm	2013	77.0
Mirrors	Edm	2013	77.0
Roar	Edm	2013	77.0
Safe And Sound	Edm	2013	77.0
Wrecking Ball	Edm	2013	76.0
Black Skinhead	Edm	2013	75.0
Turn Down for What	Edm	2013	72.0
Unconditionally	Edm	2013	72.0
Give Me Everything	Edm	2011	79.0
Somebody That I Used To Know	Edm	2011	77.0
Blue (Da Ba Dee) - Gabry Ponte Ice Pop Radio	Edm	2011	73.0
Stronger (What Doesn't Kill You)	Edm	2011	73.0
We Found Love	Edm	2011	73.0
I Follow Rivers - The Magician Remix	Edm	2011	72.0
Save The World	Edm	2011	67.0
Skyscraper	Edm	2011	66.0
Titanium (feat. Sia)	Edm	2011	66.0
Ima Boss (feat. Rick Ross)	Edm	2011	65.0
Love The Way You Lie	Edm	2010	82.0
Dynamite	Edm	2010	77.0
Raise Your Glass	Edm	2010	76.0
Grenade	Edm	2010	75.0
Need You Now	Edm	2010	73.0
OMG (feat. will.i.am)	Edm	2010	72.0
S&M	Edm	2010	72.0
Break Your Heart	Edm	2010	71.0
Airplanes (feat. Hayley Williams)	Edm	2010	68.0
Fuck You	Edm	2010	64.0
Don't Stop The Music	Edm	2008	76.0
Pjanoo - Radio Edit	Edm	2008	65.0
Jolie Coquine	Edm	2008	51.0
Man With The Red Face - Radio Edit	Edm	2008	51.0
Umbrella	Edm	2008	47.0
Don't Give Up	Edm	2008	44.0
Poker Face	Edm	2008	42.0
No Superstar - Radio Mix	Edm	2008	41.0
I Kissed A Girl	Edm	2008	37.0
"Hit the Floor ""Power"" (feat. Dollar Man)"	Edm	2008	31.0
Yummy	Edm	2020	95.0
Life Is Good (feat. Drake)	Edm	2020	93.0
Rare	Edm	2020	88.0
Good News	Edm	2020	87.0
You should be sad	Edm	2020	86.0
Lose You To Love Me	Edm	2020	85.0
Eleven	Edm	2020	83.0
Dance Again	Edm	2020	79.0
Me Gusta	Edm	2020	79.0
In Your Eyes (feat. Alida)	Edm	2020	74.0
No One	Edm	2007	79.0
Bleeding Love	Edm	2007	77.0
Better in Time	Edm	2007	70.0
"I Stand Alone - From ""The Scorpion King"" Soundtrack"	Edm	2007	52.0
Everytime We Touch (with Steve Angello & Sebastian Ingrosso)	Edm	2007	47.0
Scratch Marchin'	Edm	2007	39.0
Tomorrow Can Wait	Edm	2007	26.0
Morseton 2.0 (Elektro Pop Cut)	Edm	2007	21.0
Wild Obsession (Klaas Remix)	Edm	2007	18.0
Love Is Gone - Original Extended	Edm	2007	12.0
Can't Get Enough! - Vocal Club Mix	Edm	1998	52.0
Mama Said Knock You Out	Edm	1996	42.0
Sandstorm - Radio Edit	Edm	1999	57.0
Get A Move On!	Edm	1999	47.5
When Love Takes Over (feat. Kelly Rowland)	Edm	2009	64.0
Upside Down	Edm	2009	58.0
Hit That Jive	Edm	2009	55.0
Bad Romance	Edm	2009	52.0
Cinnamon Girl - Radio Edit	Edm	2009	47.0
You And I - Deadmau5 Remix	Edm	2009	47.0
Listen	Edm	2009	44.0
Boom Boom Guetta - David Guetta's Electro Hop Remix	Edm	2009	41.0
Snake Charmer	Edm	2009	41.0
Downpipe - Original Club Mix	Edm	2009	35.0
Janice	Edm	1993	31.0
Rhythm & Drums - The Hitmen Rework Edit	Edm	1995	33.0
Bailar la Soca	Edm	1991	15.0
Bye Bye Bye	Edm	2000	71.0
(Rock) Superstar	Edm	2000	60.0
Don’t You Want My Love	Edm	2000	48.0
Flute	Edm	2000	46.0
Hold Tight	Edm	1994	33.0
One More Time	Edm	2001	74.0
Superstylin'	Edm	2001	61.0
Flawless - Radio Edit	Edm	2001	0.0
So Sick	Edm	2006	77.0
Lola's Theme	Edm	2006	54.0
The Cure & The Cause - Dennis Ferrer Remix	Edm	2006	49.0
Kylie	Edm	2006	40.0
Walking Away - Toscadisco Remix	Edm	2006	39.0
Changes - Dirty South Remix	Edm	2006	33.0
Children Of The Last Generation	Edm	2006	12.0
Muscle Car - Sander Kleinenberg's Pace Car Mix - Radio Edit	Edm	2006	7.0
Get Twisted (Original Mix)	Edm	2006	5.0
"Gonna Fly Now (Theme From ""Rocky"") - 2006 - Remaster"	Edm	2006	4.0
'Till I Collapse	Edm	2002	83.0
Doo uap, doo uap, doo uap - Radio edit	Edm	2002	48.0
Dark Beat - Original Murk Mix Radio Edit	Edm	2002	34.0
Time 2 Wonder - Radio Edit	Edm	2002	25.0
Faint	Edm	2003	69.0
Aerodynamic - Daft Punk Remix	Edm	2003	52.0
Slammin' (Axwell Remix)	Edm	2003	31.0
Just For One Day (Heroes) (Extended Version)	Edm	2003	0.0
Madan - Exotic Disco Mix	Edm	2003	0.0
Can't Stop Playing (Makes Me High) [feat. Ane Brun] - Oliver Heldens & Gregor Salto Vocal Mix Edit	Edm	2005	57.0
Remember the Name (feat. Styles of Beyond)	Edm	2005	51.0
Watch The Sunrise - Radio Edit	Edm	2005	39.0
Don't Cha	Edm	2005	38.0
Feel The Vibe	Edm	2005	36.0
You Wanna (Klaas Remix)	Edm	2005	5.0
Fight For Your Right (Player & Remady Remix)	Edm	2005	1.0
Rock Down To (Electric Avenue) (Radio Version)	Edm	2005	0.0
I'm Only Shooting Love	Edm	1990	35.0
Let's Go (feat. Big D & Twista)	Edm	2004	65.0
Remember (Original Mix)	Edm	2004	52.0
Stay	Edm	2004	24.0
Keep the Fire Burning - Remastered Version	Edm	1982	56.0
Changes	Edm	1982	31.0
Dancer	Edm	1979	50.0
"I Feel Love - 12"" Version"	Edm	1979	5.0
Over And Over	Edm	1977	0.0
Never Too Much	Edm	1981	69.0
It Looks Like Love	Edm	1978	41.0
Dance Freak	Edm	1980	29.0
Get It Right	Edm	1983	2.0
